fahrt_id,fzg_id,linie,tst_iso,gap_sec
82102,869,1,2025-08-02T11:36:30.290874+0000,31
129101,849,1,2025-08-01T17:08:51.353396+0000,38
148130,851,1,2025-07-30T20:03:18.162920+0000,31
209101,881,1,2025-08-01T08:31:29.802648+0000,33
233101,881,1,2025-08-01T11:26:37.361605+0000,32
243103,901,1,2025-08-03T14:55:42.270541+0000,31
257101,881,1,2025-08-01T15:08:09.279632+0000,35
258102,857,1,2025-08-02T10:29:38.681540+0000,63
258102,857,1,2025-08-02T10:31:55.688025+0000,63
273101,881,1,2025-08-01T17:01:08.324821+0000,39
300128,867,1,2025-07-28T19:19:38.436052+0000,34
300128,867,1,2025-07-28T19:20:51.441915+0000,47
300128,867,1,2025-07-28T19:22:52.461389+0000,32
330102,902,1,2025-08-02T06:47:52.816679+0000,83
339103,882,1,2025-08-03T14:45:05.189679+0000,40
341131,873,1,2025-07-31T03:39:44.439491+0000,73
441101,873,1,2025-08-01T17:00:53.283401+0000,76
441101,873,1,2025-08-01T17:01:25.266133+0000,31
522102,882,1,2025-08-02T14:01:00.510860+0000,32
524130,852,1,2025-07-30T08:12:03.414717+0000,62
530102,882,1,2025-08-02T14:55:17.951427+0000,66
588130,852,1,2025-07-30T15:54:18.593119+0000,35
700130,849,1,2025-07-30T08:12:01.445111+0000,73
780130,849,1,2025-07-30T18:33:57.608921+0000,32
788129,883,1,2025-07-29T19:39:26.616084+0000,33
833101,888,1,2025-08-01T08:00:47.534103+0000,33
836130,857,1,2025-07-30T08:12:03.414797+0000,69
853131,855,1,2025-07-31T09:32:39.028770+0000,32
853131,855,1,2025-07-31T10:13:46.415204+0000,31
899103,881,1,2025-08-03T17:55:50.845228+0000,31
937101,888,1,2025-08-01T21:13:36.966918+0000,34
941131,855,1,2025-07-31T21:14:50.346376+0000,32
962102,873,1,2025-08-02T17:13:11.304683+0000,37
971103,904,1,2025-08-03T15:43:05.714189+0000,487
1044130,864,1,2025-07-30T14:25:10.969072+0000,31
1067103,258,2,2025-08-03T11:38:31.571334+0000,32
1081101,867,1,2025-08-01T19:26:57.407980+0000,31
1083103,258,2,2025-08-03T14:03:05.755228+0000,66
1091103,258,2,2025-08-03T14:45:05.188591+0000,43
1129101,1795,1,2025-08-01T07:19:36.116091+0000,59
1137101,1795,1,2025-08-01T08:00:35.537498+0000,34
1140128,1928,1,2025-07-28T08:14:34.703323+0000,52
1140128,1928,1,2025-07-28T08:16:42.702445+0000,59
1147127,265,2,2025-07-27T22:51:02.208546+0000,31
1162102,304,2,2025-08-02T04:46:36.167481+0000,36
1170102,304,2,2025-08-02T05:15:28.339980+0000,33
1172128,1928,1,2025-07-28T12:26:01.588763+0000,32
1187103,281,2,2025-08-03T10:11:48.860914+0000,31
1201101,1795,1,2025-08-01T16:35:56.003223+0000,31
1202102,304,2,2025-08-02T09:57:57.458713+0000,31
1211103,281,2,2025-08-03T14:03:03.744712+0000,53
1218102,304,2,2025-08-02T12:00:10.485079+0000,31
1233101,1795,1,2025-08-01T20:31:49.789597+0000,80
1249101,1795,1,2025-08-01T21:30:57.061422+0000,3485
1283103,259,2,2025-08-03T05:14:14.770135+0000,40
1292129,305,2,2025-07-29T06:17:20.370776+0000,61
1292129,305,2,2025-07-29T06:22:39.474653+0000,57
1292129,305,2,2025-07-29T06:33:48.493682+0000,37
1292129,305,2,2025-07-29T06:38:48.548451+0000,66
1297101,278,2,2025-08-01T08:24:26.736556+0000,60
1305101,278,2,2025-08-01T08:32:11.790006+0000,51
1305101,278,2,2025-08-01T09:16:04.218826+0000,37
1306102,304,2,2025-08-03T01:33:34.525038+0000,31
1307103,259,2,2025-08-03T08:09:37.911278+0000,31
1324128,265,2,2025-07-28T11:19:04.039981+0000,36
1324128,265,2,2025-07-28T11:29:47.142738+0000,37
1324128,265,2,2025-07-28T11:45:59.270754+0000,63
1324130,256,2,2025-07-30T10:41:58.498959+0000,32
1324130,256,2,2025-07-30T10:57:43.586953+0000,44
1329101,278,2,2025-08-01T12:41:00.965200+0000,44
1346102,259,2,2025-08-02T05:16:08.329209+0000,98
1347103,259,2,2025-08-03T14:02:53.753167+0000,50
1347103,259,2,2025-08-03T14:22:18.942857+0000,33
1353101,278,2,2025-08-01T16:01:52.719907+0000,39
1353101,278,2,2025-08-01T16:02:55.715918+0000,45
1356128,265,2,2025-07-28T15:21:15.822870+0000,32
1356128,265,2,2025-07-28T16:01:44.098172+0000,32
1361101,278,2,2025-08-01T16:52:32.219782+0000,32
1361101,278,2,2025-08-01T17:01:56.272546+0000,33
1365131,261,2,2025-07-31T17:15:43.718526+0000,33
1369101,278,2,2025-08-01T17:49:26.648746+0000,68
1370102,259,2,2025-08-02T07:41:03.337303+0000,31
1370102,259,2,2025-08-02T07:49:03.395362+0000,32
1372129,305,2,2025-07-29T17:53:25.893396+0000,31
1377101,278,2,2025-08-01T19:33:16.436748+0000,34
1385101,278,2,2025-08-01T20:07:19.646944+0000,35
1385101,278,2,2025-08-01T20:08:17.644458+0000,31
1404128,265,2,2025-07-28T22:54:36.586379+0000,32
1410102,259,2,2025-08-02T14:01:50.519369+0000,40
1417101,278,2,2025-08-02T00:36:22.915381+0000,31
1420128,265,2,2025-07-29T01:05:25.214348+0000,36
1434102,259,2,2025-08-02T17:21:20.388461+0000,38
1434102,259,2,2025-08-02T17:25:36.425796+0000,51
1445131,275,2,2025-07-31T02:24:02.015589+0000,32
1451103,288,2,2025-08-03T13:07:31.322219+0000,31
1452130,261,2,2025-07-30T03:25:55.296858+0000,32
1460130,261,2,2025-07-30T04:41:59.862652+0000,31
1473101,256,2,2025-08-01T06:41:54.820191+0000,33
1476129,256,2,2025-07-29T06:33:51.498712+0000,43
1481101,256,2,2025-08-01T07:53:48.492980+0000,52
1481101,256,2,2025-08-01T08:01:24.535926+0000,42
1481101,256,2,2025-08-01T08:23:57.724301+0000,32
1481101,256,2,2025-08-01T08:30:57.794787+0000,32
1484130,261,2,2025-07-30T07:42:56.260660+0000,32
1484130,261,2,2025-07-30T07:49:04.308974+0000,40
1484130,261,2,2025-07-30T07:59:05.355521+0000,41
1490102,278,2,2025-08-02T10:17:20.600767+0000,33
1490102,278,2,2025-08-02T10:17:52.603510+0000,32
1490102,278,2,2025-08-02T10:18:30.594986+0000,37
1490102,278,2,2025-08-02T10:19:14.612731+0000,33
1492129,256,2,2025-07-29T09:04:02.648019+0000,32
1492130,261,2,2025-07-30T09:38:50.031525+0000,53
1493131,275,2,2025-07-31T08:57:57.769589+0000,32
1505101,256,2,2025-08-01T11:19:05.305069+0000,50
1508128,258,2,2025-07-28T11:29:44.133543+0000,31
1508128,258,2,2025-07-28T11:38:55.208948+0000,53
1508128,258,2,2025-07-28T11:45:48.268695+0000,42
1514102,278,2,2025-08-02T14:02:00.514146+0000,63
1515103,308,2,2025-08-03T03:11:32.073889+0000,32
1521101,256,2,2025-08-01T13:15:28.347675+0000,96
1521101,256,2,2025-08-01T13:19:45.363026+0000,244
1533131,275,2,2025-07-31T15:14:04.819881+0000,32
1537101,256,2,2025-08-01T16:14:25.820159+0000,48
1538102,278,2,2025-08-02T17:21:23.388376+0000,61
1545101,256,2,2025-08-01T16:34:28.970287+0000,42
1545101,256,2,2025-08-01T17:02:16.282751+0000,64
1549131,275,2,2025-07-31T17:22:11.755818+0000,32
1557131,275,2,2025-07-31T17:56:57.979804+0000,33
1570102,278,2,2025-08-02T21:17:32.240388+0000,34
1570102,278,2,2025-08-02T21:24:45.286702+0000,38
1570102,278,2,2025-08-02T21:28:30.299714+0000,38
1570102,278,2,2025-08-02T21:29:08.311631+0000,37
1570102,278,2,2025-08-02T21:33:54.321051+0000,43
1570102,278,2,2025-08-02T21:35:30.334215+0000,41
1570102,278,2,2025-08-02T21:44:32.414738+0000,41
1571103,308,2,2025-08-03T11:01:17.285548+0000,32
1580128,275,2,2025-07-28T03:36:23.653975+0000,964
1580130,288,2,2025-07-30T03:36:27.392794+0000,294
1587103,308,2,2025-08-03T13:04:35.255633+0000,697
1587103,308,2,2025-08-03T13:26:34.473322+0000,35
1588128,275,2,2025-07-28T04:17:29.927258+0000,32
1595103,308,2,2025-08-03T14:02:58.786418+0000,50
1596129,278,2,2025-07-29T04:58:53.732132+0000,33
1597131,281,2,2025-07-31T04:43:04.904202+0000,31
1602102,297,2,2025-08-02T03:16:29.662656+0000,267
1604129,278,2,2025-07-29T06:33:56.504631+0000,39
1617101,262,2,2025-08-01T07:53:32.457559+0000,32
1617101,262,2,2025-08-01T08:32:24.796921+0000,52
1625101,262,2,2025-08-01T09:00:38.083533+0000,32
1625101,262,2,2025-08-01T09:12:02.174066+0000,31
1625101,262,2,2025-08-01T09:16:14.253592+0000,58
1626102,297,2,2025-08-02T06:17:27.638020+0000,64
1627103,260,2,2025-08-03T01:32:24.521556+0000,32
1628130,288,2,2025-07-30T09:38:36.027770+0000,32
1635103,260,2,2025-08-03T01:47:07.612895+0000,583
1636129,278,2,2025-07-29T10:57:46.574139+0000,32
1636130,288,2,2025-07-30T10:57:55.584405+0000,62
1641101,262,2,2025-08-01T11:21:31.326911+0000,31
1641101,262,2,2025-08-01T11:32:33.429380+0000,31
1643103,260,2,2025-08-03T03:28:07.160027+0000,34
1643103,260,2,2025-08-03T03:43:15.270997+0000,48
1643103,260,2,2025-08-03T03:47:17.281597+0000,44
1644128,275,2,2025-07-28T11:19:10.036747+0000,43
1644128,275,2,2025-07-28T11:30:00.136216+0000,50
1645131,281,2,2025-07-31T12:01:43.288992+0000,31
1650102,297,2,2025-08-02T10:25:25.645564+0000,32
1651103,260,2,2025-08-03T04:17:12.466686+0000,68
1657101,262,2,2025-08-01T13:33:53.505097+0000,329
1657101,262,2,2025-08-01T13:42:17.532185+0000,32
1658102,297,2,2025-08-02T10:36:09.738110+0000,60
1658102,297,2,2025-08-02T10:56:53.893125+0000,38
1661131,281,2,2025-07-31T14:10:10.346055+0000,32
1666102,297,2,2025-08-02T12:25:45.682101+0000,32
1673101,262,2,2025-08-01T16:14:11.830031+0000,42
1673101,262,2,2025-08-01T16:34:11.035693+0000,31
1676130,288,2,2025-07-30T16:09:12.704176+0000,32
1681101,262,2,2025-08-01T17:02:01.269429+0000,46
1682102,297,2,2025-08-02T14:01:53.504996+0000,56
1682102,297,2,2025-08-02T14:43:30.865739+0000,54
1682102,297,2,2025-08-02T14:56:15.967702+0000,46
1690102,297,2,2025-08-02T15:02:46.046408+0000,34
1690102,297,2,2025-08-02T15:04:16.063974+0000,31
1690102,297,2,2025-08-02T15:05:28.075199+0000,32
1692128,275,2,2025-07-28T18:06:47.935671+0000,32
1692129,278,2,2025-07-29T18:50:23.318733+0000,31
1693131,281,2,2025-07-31T18:17:27.202481+0000,31
1700129,278,2,2025-07-29T19:51:55.690696+0000,34
1705101,262,2,2025-08-01T20:10:53.702081+0000,32
1706102,297,2,2025-08-02T17:18:55.373453+0000,55
1706102,297,2,2025-08-02T17:21:17.376347+0000,46
1706102,297,2,2025-08-02T17:22:35.395527+0000,33
1706102,297,2,2025-08-02T17:25:39.421557+0000,61
1709131,281,2,2025-07-31T20:20:23.066306+0000,32
1714102,297,2,2025-08-02T19:03:50.284368+0000,38
1714102,297,2,2025-08-02T19:11:38.354493+0000,60
1714102,297,2,2025-08-02T19:24:36.443019+0000,48
1715103,260,2,2025-08-03T14:02:59.760039+0000,57
1717131,281,2,2025-07-31T22:12:45.620004+0000,31
1722102,297,2,2025-08-02T19:26:05.452220+0000,80
1722102,297,2,2025-08-02T19:27:11.458756+0000,65
1722102,297,2,2025-08-02T19:28:02.473277+0000,51
1722102,297,2,2025-08-02T19:30:41.496058+0000,140
1722102,297,2,2025-08-02T19:33:29.509720+0000,44
1722102,297,2,2025-08-02T19:52:41.659025+0000,31
1732130,309,2,2025-07-30T02:35:53.931682+0000,229
1737101,262,2,2025-08-02T00:44:47.943031+0000,34
1737101,262,2,2025-08-02T01:41:25.214677+0000,32
1740129,257,2,2025-07-29T02:50:19.738938+0000,32
1740130,309,2,2025-07-30T02:38:43.943082+0000,32
1740130,309,2,2025-07-30T03:49:37.497765+0000,547
1746102,308,2,2025-08-02T08:42:44.812409+0000,31
1747103,309,2,2025-08-03T18:15:41.018155+0000,32
1747103,309,2,2025-08-03T18:49:31.360891+0000,343
1748130,309,2,2025-07-30T03:50:18.502410+0000,41
1755103,309,2,2025-08-03T18:51:10.380256+0000,115
1756130,309,2,2025-07-30T05:30:41.252392+0000,32
1756130,309,2,2025-07-30T06:02:37.501083+0000,1087
1764129,257,2,2025-07-29T06:33:58.514723+0000,39
1764130,309,2,2025-07-30T06:03:55.521500+0000,78
1772130,309,2,2025-07-30T07:42:27.262546+0000,32
1772130,309,2,2025-07-30T07:49:09.312929+0000,45
1772130,309,2,2025-07-30T07:59:09.354040+0000,45
1778102,308,2,2025-08-02T14:01:32.507027+0000,32
1785101,281,2,2025-08-01T07:19:23.123348+0000,39
1785101,281,2,2025-08-01T07:53:47.516520+0000,50
1788130,309,2,2025-07-30T09:38:54.033521+0000,58
1788130,309,2,2025-07-30T10:32:01.451045+0000,655
1789131,278,2,2025-07-31T10:05:56.349267+0000,44
1793101,281,2,2025-08-01T08:01:23.619703+0000,42
1794102,308,2,2025-08-02T15:15:36.220519+0000,40
1796128,264,2,2025-07-28T11:04:25.927165+0000,31
1796130,309,2,2025-07-30T10:32:33.449320+0000,33
1802102,308,2,2025-08-02T17:13:38.309383+0000,49
1803103,275,2,2025-08-03T08:00:00.841858+0000,986
1804128,264,2,2025-07-28T11:38:42.202305+0000,45
1804130,309,2,2025-07-30T12:46:46.368323+0000,1123
1812130,309,2,2025-07-30T12:47:57.372143+0000,80
1817101,281,2,2025-08-01T11:30:33.405154+0000,48
1817101,281,2,2025-08-01T11:34:26.440364+0000,201
1820130,309,2,2025-07-30T15:01:50.245885+0000,1079
1836130,309,2,2025-07-30T17:17:05.166775+0000,1112
1843103,275,2,2025-08-03T13:13:21.333346+0000,32
1844130,309,2,2025-07-30T17:20:01.192884+0000,177
1849101,281,2,2025-08-01T16:14:24.817551+0000,45
1849101,281,2,2025-08-01T16:34:27.032875+0000,32
1851103,275,2,2025-08-03T14:02:50.746830+0000,39
1852130,309,2,2025-07-30T19:35:22.985423+0000,1220
1858102,308,2,2025-08-03T01:07:48.407549+0000,32
1859103,275,2,2025-08-03T14:46:22.164610+0000,58
1860130,309,2,2025-07-30T19:36:17.993222+0000,58
1860130,309,2,2025-07-30T19:39:32.994875+0000,161
1865101,281,2,2025-08-01T18:11:45.817330+0000,92
1865101,281,2,2025-08-01T18:12:18.126170+0000,32
1865101,281,2,2025-08-01T18:13:14.841836+0000,56
1865101,281,2,2025-08-01T18:14:19.852704+0000,41
1865101,281,2,2025-08-01T18:15:20.855298+0000,37
1865101,281,2,2025-08-01T18:18:13.880346+0000,44
1884130,308,2,2025-07-30T04:07:22.640174+0000,32
1892128,278,2,2025-07-28T05:12:22.969480+0000,32
1892129,288,2,2025-07-29T05:28:55.939528+0000,31
1893131,308,2,2025-07-31T05:53:30.425380+0000,32
1900128,276,2,2025-07-28T06:11:22.825090+0000,415
1900128,276,2,2025-07-28T06:26:58.940996+0000,32
1900129,288,2,2025-07-29T06:17:08.376690+0000,49
1900129,288,2,2025-07-29T06:22:30.413089+0000,56
1900129,288,2,2025-07-29T06:38:38.550039+0000,54
1908129,288,2,2025-07-29T07:30:15.876025+0000,32
1908130,308,2,2025-07-30T07:42:56.260734+0000,32
1908130,308,2,2025-07-30T07:49:04.309401+0000,37
1908130,308,2,2025-07-30T07:59:04.362585+0000,36
1916130,308,2,2025-07-30T09:16:38.857926+0000,32
1917131,308,2,2025-07-31T09:05:21.826537+0000,31
1924130,308,2,2025-07-30T09:38:50.031742+0000,47
1929101,308,2,2025-08-01T08:32:23.805093+0000,62
1929101,308,2,2025-08-01T09:16:13.202352+0000,54
1931103,262,2,2025-08-03T01:21:03.463085+0000,418
1932128,276,2,2025-07-28T11:19:22.035365+0000,46
1932128,276,2,2025-07-28T11:30:03.142924+0000,59
1941131,308,2,2025-07-31T12:10:21.927262+0000,31
1947103,262,2,2025-08-03T04:16:07.461093+0000,60
1953101,308,2,2025-08-01T11:44:37.518931+0000,33
1953101,308,2,2025-08-01T11:45:10.524428+0000,33
1953101,308,2,2025-08-01T12:37:03.952582+0000,32
1956128,276,2,2025-07-28T15:07:35.715324+0000,37
1957131,308,2,2025-07-31T14:06:34.318286+0000,32
1977101,308,2,2025-08-01T15:51:56.642614+0000,42
1978102,263,2,2025-08-02T17:13:50.312134+0000,48
1978102,263,2,2025-08-02T17:25:15.404424+0000,36
1979103,262,2,2025-08-03T08:29:32.058031+0000,31
1980128,276,2,2025-07-28T18:19:08.983827+0000,31
1980130,308,2,2025-07-30T18:09:49.473068+0000,31
1985101,308,2,2025-08-01T16:14:08.853885+0000,39
1985101,308,2,2025-08-01T16:26:50.924469+0000,32
1985101,308,2,2025-08-01T16:34:11.036984+0000,35
1985101,308,2,2025-08-01T17:02:07.291947+0000,43
1987103,262,2,2025-08-03T09:44:45.659370+0000,33
1996130,308,2,2025-07-30T19:44:40.035702+0000,1055
2019103,262,2,2025-08-03T14:02:42.752216+0000,43
2020130,308,2,2025-07-30T23:10:38.113457+0000,1588
2027103,262,2,2025-08-03T14:46:17.163500+0000,51
2028130,308,2,2025-07-31T00:29:13.513281+0000,62
2036128,276,2,2025-07-29T01:37:42.388110+0000,31
2036129,288,2,2025-07-30T02:05:50.742057+0000,32
2050102,275,2,2025-08-02T11:12:14.018351+0000,32
2050102,275,2,2025-08-02T11:14:11.051015+0000,53
2050102,275,2,2025-08-02T11:15:07.069863+0000,44
2050102,275,2,2025-08-02T11:17:08.091686+0000,37
2052130,265,2,2025-07-30T02:30:32.893081+0000,31
2060130,265,2,2025-07-30T03:13:14.213842+0000,32
2082102,275,2,2025-08-02T15:41:11.455953+0000,41
2082102,275,2,2025-08-02T15:43:18.486635+0000,44
2082102,275,2,2025-08-02T15:46:48.495345+0000,32
2082102,275,2,2025-08-02T15:47:53.518283+0000,33
2084129,259,2,2025-07-29T06:16:57.361653+0000,49
2084129,259,2,2025-07-29T06:22:19.080458+0000,50
2084129,259,2,2025-07-29T06:34:16.580440+0000,58
2084129,259,2,2025-07-29T06:38:25.626248+0000,42
2090102,275,2,2025-08-02T17:13:38.308237+0000,36
2100130,265,2,2025-07-30T09:38:36.027665+0000,42
2105101,258,2,2025-08-01T07:55:40.496249+0000,31
2105101,258,2,2025-08-01T08:01:42.551887+0000,55
2105101,258,2,2025-08-01T08:24:08.726138+0000,43
2113101,258,2,2025-08-01T08:31:57.844378+0000,37
2114102,275,2,2025-08-02T20:09:41.767702+0000,54
2114102,275,2,2025-08-02T20:12:47.783880+0000,129
2114102,275,2,2025-08-02T20:13:51.795763+0000,64
2114102,275,2,2025-08-02T20:15:18.799431+0000,51
2114102,275,2,2025-08-02T20:15:54.801750+0000,36
2116128,305,2,2025-07-28T11:38:50.218790+0000,58
2116128,305,2,2025-07-28T11:45:42.270143+0000,45
2116129,259,2,2025-07-29T11:44:58.934962+0000,32
2116130,265,2,2025-07-30T10:57:55.584207+0000,69
2124128,305,2,2025-07-28T12:33:26.635166+0000,31
2130102,275,2,2025-08-02T22:18:04.595393+0000,32
2130102,275,2,2025-08-02T22:23:55.631218+0000,31
2130102,275,2,2025-08-02T22:45:15.752076+0000,33
2153101,258,2,2025-08-01T14:14:10.784288+0000,54
2153101,258,2,2025-08-01T14:16:25.806601+0000,36
2153101,258,2,2025-08-01T14:18:17.809250+0000,39
2153101,258,2,2025-08-01T14:19:19.895161+0000,51
2153101,258,2,2025-08-01T14:21:20.833866+0000,36
2155103,256,2,2025-08-03T14:02:59.759201+0000,68
2161101,258,2,2025-08-01T16:02:44.711712+0000,40
2162102,288,2,2025-08-02T02:13:32.361777+0000,35
2164130,265,2,2025-07-30T18:24:07.555101+0000,32
2165131,304,2,2025-07-31T18:47:26.400371+0000,531
2169101,258,2,2025-08-01T16:34:49.978185+0000,63
2170102,288,2,2025-08-02T02:14:25.365531+0000,31
2170102,288,2,2025-08-02T02:38:19.486160+0000,34
2172130,265,2,2025-07-30T18:55:49.751984+0000,33
2177101,258,2,2025-08-01T17:49:08.644604+0000,50
2180129,259,2,2025-07-29T20:39:35.998290+0000,31
2185101,258,2,2025-08-01T18:43:30.137852+0000,45
2185101,258,2,2025-08-01T18:44:57.107003+0000,36
2185101,258,2,2025-08-01T18:46:14.120393+0000,33
2185101,258,2,2025-08-01T18:48:04.121153+0000,32
2195103,265,3,2025-08-03T01:55:02.649780+0000,72
2202102,288,2,2025-08-02T06:51:52.848884+0000,50
2202102,288,2,2025-08-02T06:52:27.862227+0000,35
2202102,288,2,2025-08-02T07:00:17.926941+0000,32
2202102,288,2,2025-08-02T07:02:25.956139+0000,32
2202102,288,2,2025-08-02T07:11:25.038006+0000,32
2204128,305,2,2025-07-28T23:30:42.751597+0000,31
2217101,258,2,2025-08-01T23:23:46.575103+0000,34
2228128,306,2,2025-07-28T03:46:50.710638+0000,408
2228128,306,2,2025-07-28T04:59:43.298803+0000,32
2229131,258,2,2025-07-31T03:42:27.465286+0000,32
2242102,288,2,2025-08-02T13:41:29.358490+0000,33
2244129,265,2,2025-07-29T05:41:48.043276+0000,31
2244129,265,2,2025-07-29T06:22:43.419463+0000,71
2250102,288,2,2025-08-02T14:01:49.522538+0000,54
2258102,288,2,2025-08-02T15:38:18.439469+0000,32
2274102,288,2,2025-08-02T17:14:00.311930+0000,66
2274102,288,2,2025-08-02T17:21:13.382715+0000,46
2274102,288,2,2025-08-02T17:25:36.426318+0000,54
2276130,304,2,2025-07-30T10:13:13.339055+0000,32
2276130,304,2,2025-07-30T10:57:48.576165+0000,57
2281101,280,2,2025-08-01T07:49:02.424975+0000,404
2284128,261,2,2025-07-28T11:10:32.962658+0000,31
2284128,261,2,2025-07-28T11:18:28.033438+0000,42
2284128,261,2,2025-07-28T11:18:59.040418+0000,31
2284128,261,2,2025-07-28T11:29:50.138322+0000,31
2284128,261,2,2025-07-28T11:46:03.300882+0000,50
2285131,258,2,2025-07-31T11:54:35.239101+0000,32
2289101,280,2,2025-08-01T07:50:16.450898+0000,82
2289101,280,2,2025-08-01T08:24:24.957505+0000,54
2289101,280,2,2025-08-01T08:32:03.859483+0000,36
2299103,265,3,2025-08-03T13:33:11.525548+0000,31
2299103,265,3,2025-08-03T14:03:02.756333+0000,68
2300128,261,2,2025-07-28T14:12:35.346502+0000,32
2301131,258,2,2025-07-31T14:13:44.364882+0000,31
2314102,256,2,2025-08-02T07:15:47.096794+0000,31
2314102,256,2,2025-08-02T07:16:52.115996+0000,31
2321101,280,2,2025-08-01T12:19:48.816693+0000,52
2322102,256,2,2025-08-02T09:10:46.044669+0000,31
2324128,261,2,2025-07-28T16:51:27.437925+0000,32
2340129,265,2,2025-07-29T19:58:05.723326+0000,48
2340129,265,2,2025-07-29T19:58:43.727203+0000,38
2345101,280,2,2025-08-01T16:02:48.729098+0000,50
2345101,280,2,2025-08-01T16:28:28.003328+0000,32
2348128,304,2,2025-07-28T03:37:36.720389+0000,32
2361101,280,2,2025-08-01T17:49:10.665054+0000,61
2361101,280,2,2025-08-01T18:42:32.070550+0000,33
2362102,256,2,2025-08-02T14:01:30.508942+0000,34
2369101,280,2,2025-08-01T18:58:06.194704+0000,268
2369101,280,2,2025-08-01T18:59:04.248781+0000,58
2369101,280,2,2025-08-01T19:02:32.232402+0000,205
2369101,280,2,2025-08-01T19:04:00.279944+0000,88
2372128,304,2,2025-07-28T06:34:51.975081+0000,31
2372129,258,2,2025-07-29T06:33:55.503965+0000,47
2377101,260,2,2025-08-01T03:31:31.374214+0000,31
2380130,281,2,2025-07-30T07:43:06.269286+0000,42
2380130,281,2,2025-07-30T07:49:13.318222+0000,48
2386102,256,2,2025-08-02T17:13:41.322720+0000,52
2386102,256,2,2025-08-02T17:25:17.412817+0000,47
2388130,281,2,2025-07-30T07:59:14.353149+0000,58
2388130,281,2,2025-07-30T08:12:00.430054+0000,66
2388130,281,2,2025-07-30T08:46:02.628978+0000,36
2393101,260,2,2025-08-01T05:30:23.352004+0000,31
2404130,264,2,2025-07-30T10:56:59.582135+0000,31
2404130,264,2,2025-07-30T10:57:41.584530+0000,33
2405131,259,2,2025-07-31T10:18:24.164228+0000,46
2405131,259,2,2025-07-31T11:02:20.779088+0000,32
2409101,260,2,2025-08-01T07:37:12.303883+0000,47
2409101,260,2,2025-08-01T07:48:49.414807+0000,58
2409101,260,2,2025-08-01T07:51:26.444506+0000,41
2409101,260,2,2025-08-01T07:52:34.469691+0000,66
2409101,260,2,2025-08-01T07:53:54.478647+0000,48
2412128,304,2,2025-07-28T11:19:25.046153+0000,55
2412128,304,2,2025-07-28T11:38:37.204246+0000,37
2412128,304,2,2025-07-28T11:45:27.271503+0000,32
2412130,264,2,2025-07-30T11:42:41.872929+0000,46
2412130,264,2,2025-07-30T11:43:49.880908+0000,33
2417101,260,2,2025-08-01T08:01:24.536380+0000,49
2417101,260,2,2025-08-01T08:06:17.585891+0000,36
2417101,260,2,2025-08-01T08:17:41.685611+0000,45
2417101,260,2,2025-08-01T08:23:27.779875+0000,36
2417101,260,2,2025-08-01T08:32:16.862176+0000,44
2417101,260,2,2025-08-01T08:38:19.859043+0000,68
2418102,256,2,2025-08-02T22:45:02.750523+0000,32
2418102,256,2,2025-08-02T22:46:04.740093+0000,32
2435103,305,3,2025-08-03T15:09:51.430305+0000,31
2442102,256,2,2025-08-03T01:14:45.441680+0000,37
2442102,256,2,2025-08-03T02:08:22.728479+0000,42
2449101,260,2,2025-08-01T12:51:43.181727+0000,31
2450102,307,3,2025-08-02T01:38:34.214397+0000,69
2457101,260,2,2025-08-01T14:34:02.941993+0000,34
2457101,260,2,2025-08-01T14:36:56.031092+0000,50
2457101,260,2,2025-08-01T14:38:07.986643+0000,50
2465101,260,2,2025-08-01T15:09:07.284615+0000,33
2465101,260,2,2025-08-01T15:11:20.314563+0000,38
2473101,260,2,2025-08-01T16:14:24.816077+0000,47
2473101,260,2,2025-08-01T16:34:25.975311+0000,33
2473101,260,2,2025-08-01T16:54:47.205927+0000,96
2473101,260,2,2025-08-01T17:02:16.284296+0000,67
2481101,260,2,2025-08-01T17:04:19.294249+0000,556
2484128,304,2,2025-07-28T22:40:52.521654+0000,31
2484130,264,2,2025-07-30T22:37:54.956858+0000,38
2497101,260,2,2025-08-01T19:23:21.389128+0000,36
2505101,260,2,2025-08-01T21:17:22.986783+0000,254
2508130,275,2,2025-07-30T03:58:10.603265+0000,853
2509131,288,2,2025-07-31T04:05:13.632312+0000,32
2513101,260,2,2025-08-01T21:46:59.130764+0000,38
2516128,280,2,2025-07-28T05:52:16.684037+0000,32
2525131,288,2,2025-07-31T06:12:45.548750+0000,32
2537101,309,2,2025-08-01T01:58:13.938595+0000,92
2545101,309,2,2025-08-01T02:42:02.169817+0000,31
2545101,309,2,2025-08-01T02:42:34.189229+0000,32
2553101,309,2,2025-08-01T05:01:41.040036+0000,479
2556130,280,2,2025-07-30T10:57:31.584132+0000,42
2557131,288,2,2025-07-31T10:31:17.552083+0000,31
2557131,288,2,2025-07-31T10:34:20.892752+0000,55
2562102,307,3,2025-08-02T14:01:55.520362+0000,52
2564128,280,2,2025-07-28T11:38:43.218536+0000,48
2564128,280,2,2025-07-28T11:45:34.273974+0000,39
2569101,309,2,2025-08-01T05:59:54.546205+0000,3431
2569101,309,2,2025-08-01T07:16:35.086866+0000,655
2573131,288,2,2025-07-31T12:57:35.727696+0000,32
2577101,309,2,2025-08-01T05:05:03.078158+0000,31
2577101,309,2,2025-08-01T05:07:57.077663+0000,36
2577101,309,2,2025-08-01T05:11:04.114670+0000,80
2577101,309,2,2025-08-01T05:13:30.150832+0000,134
2577101,309,2,2025-08-01T05:16:19.743265+0000,92
2577101,309,2,2025-08-01T05:18:23.092842+0000,43
2577101,309,2,2025-08-01T05:19:50.209582+0000,44
2577101,309,2,2025-08-01T05:24:29.264616+0000,82
2577101,309,2,2025-08-01T05:26:21.266148+0000,99
2577101,309,2,2025-08-01T05:27:32.331727+0000,38
2577101,309,2,2025-08-01T05:29:18.286704+0000,58
2577101,309,2,2025-08-01T05:31:26.298984+0000,93
2577101,309,2,2025-08-01T05:36:26.341828+0000,189
2577101,309,2,2025-08-01T05:38:38.382065+0000,102
2577101,309,2,2025-08-01T05:44:07.406944+0000,118
2577101,309,2,2025-08-01T05:46:20.072368+0000,77
2577101,309,2,2025-08-01T05:48:16.454788+0000,54
2577101,309,2,2025-08-01T05:49:52.467679+0000,96
2577101,309,2,2025-08-01T05:52:17.505444+0000,76
2577101,309,2,2025-08-01T05:54:37.492088+0000,52
2577101,309,2,2025-08-01T05:56:49.518633+0000,132
2577101,309,2,2025-08-01T05:58:46.527005+0000,65
2577101,309,2,2025-08-01T07:05:42.999407+0000,3990
2577101,309,2,2025-08-01T07:18:31.101535+0000,133
2577101,309,2,2025-08-01T07:53:03.495742+0000,37
2580129,264,2,2025-07-29T13:53:28.982975+0000,47
2581131,288,2,2025-07-31T14:47:38.605848+0000,31
2585101,309,2,2025-08-01T08:13:38.659110+0000,3360
2585101,309,2,2025-08-01T08:32:24.798644+0000,67
2585101,309,2,2025-08-01T09:31:43.356500+0000,1063
2593101,309,2,2025-08-01T09:16:13.202425+0000,55
2593101,309,2,2025-08-01T09:32:55.383466+0000,86
2601101,309,2,2025-08-01T11:47:25.561122+0000,1165
2609101,309,2,2025-08-01T11:49:36.571041+0000,136
2609101,309,2,2025-08-01T12:24:01.857456+0000,31
2620129,264,2,2025-07-29T20:28:18.930628+0000,39
2625101,309,2,2025-08-01T14:09:00.747450+0000,32
2626102,274,3,2025-08-02T05:30:31.429256+0000,32
2627103,274,3,2025-08-03T14:03:04.757938+0000,61
2629131,306,3,2025-07-31T01:51:16.857343+0000,32
2633101,309,2,2025-08-01T16:17:08.911302+0000,1161
2641101,309,2,2025-08-01T16:14:11.830204+0000,40
2641101,309,2,2025-08-01T16:17:35.850732+0000,42
2641101,309,2,2025-08-01T17:02:00.279738+0000,51
2677131,306,3,2025-07-31T06:27:00.640381+0000,69
2692130,151,3,2025-07-30T07:42:55.299554+0000,40
2692130,151,3,2025-07-30T07:49:03.319030+0000,33
2692130,151,3,2025-07-30T07:59:05.355090+0000,45
2701131,306,3,2025-07-31T09:12:29.872634+0000,31
2708130,151,3,2025-07-30T09:34:50.985593+0000,33
2708130,151,3,2025-07-30T09:38:48.026973+0000,57
2714102,274,3,2025-08-02T14:01:42.519208+0000,51
2716130,151,3,2025-07-30T10:56:21.581747+0000,31
2716130,151,3,2025-07-30T10:59:02.590695+0000,73
2732130,151,3,2025-07-30T12:03:36.031430+0000,55
2737101,276,3,2025-08-01T08:04:13.567994+0000,31
2737101,276,3,2025-08-01T08:32:17.808061+0000,54
2737101,276,3,2025-08-01T09:16:06.217296+0000,48
2738102,274,3,2025-08-02T17:14:04.319650+0000,56
2738102,274,3,2025-08-02T17:21:06.382075+0000,45
2738102,274,3,2025-08-02T17:25:29.425224+0000,53
2748128,785,3,2025-07-28T14:20:01.399364+0000,31
2753101,276,3,2025-08-01T09:27:01.350878+0000,80
2753101,276,3,2025-08-01T09:35:04.389116+0000,388
2755103,153,3,2025-08-03T14:46:01.159663+0000,31
2761101,276,3,2025-08-01T10:52:49.033354+0000,31
2773131,306,3,2025-07-31T16:24:47.377511+0000,77
2825101,276,3,2025-08-01T17:00:18.233826+0000,42
2825101,276,3,2025-08-01T17:02:01.270522+0000,37
2827127,260,3,2025-07-27T22:32:04.127978+0000,32
2833101,276,3,2025-08-01T17:49:23.658884+0000,72
2841101,276,3,2025-08-01T18:31:25.958123+0000,32
2844130,151,3,2025-07-31T00:28:59.503193+0000,46
2852130,151,3,2025-07-31T01:18:12.749022+0000,58
2858102,276,3,2025-08-02T14:01:55.520241+0000,51
2861131,784,3,2025-07-31T04:27:29.805068+0000,663
2876128,1897,3,2025-07-28T05:51:10.691639+0000,33
2883103,257,3,2025-08-03T03:29:15.174553+0000,31
2890102,276,3,2025-08-02T17:21:24.388610+0000,51
2890102,276,3,2025-08-02T17:25:43.419278+0000,57
2924130,773,3,2025-07-30T10:50:09.542809+0000,127
2930102,276,3,2025-08-02T21:33:19.320278+0000,32
2938102,276,3,2025-08-02T22:31:02.663429+0000,31
2945101,820,3,2025-08-01T08:14:15.712259+0000,50
2972130,773,3,2025-07-30T15:31:51.442208+0000,37
2987103,257,3,2025-08-03T15:29:40.572898+0000,31
2996130,773,3,2025-07-30T18:32:26.600908+0000,61
3017101,820,3,2025-08-01T16:04:32.734202+0000,31
3020128,1897,3,2025-07-28T21:02:00.005168+0000,32
3043103,307,3,2025-08-03T03:01:55.988805+0000,32
3044130,297,3,2025-07-30T03:39:26.426054+0000,32
3069131,276,3,2025-07-31T05:52:19.409940+0000,32
3084130,297,3,2025-07-30T07:42:23.989011+0000,60
3084130,297,3,2025-07-30T07:48:23.792418+0000,31
3084130,297,3,2025-07-30T07:49:04.309208+0000,34
3084130,297,3,2025-07-30T07:59:05.355645+0000,36
3100130,297,3,2025-07-30T09:38:50.031640+0000,56
3100130,297,3,2025-07-30T09:43:49.058628+0000,32
3108130,297,3,2025-07-30T10:05:43.270111+0000,33
3140130,297,3,2025-07-30T13:51:34.775462+0000,31
3147103,307,3,2025-08-03T14:46:01.160895+0000,33
3149131,276,3,2025-07-31T14:01:12.293737+0000,32
3179103,307,3,2025-08-03T18:35:18.221553+0000,32
3179103,307,3,2025-08-03T18:41:58.269002+0000,248
3236129,297,3,2025-07-29T03:26:14.970232+0000,60
3250102,153,3,2025-08-02T06:15:55.620025+0000,193
3260129,297,3,2025-07-29T06:00:45.223769+0000,31
3260129,297,3,2025-07-29T06:16:56.368836+0000,59
3260129,297,3,2025-07-29T06:22:16.420000+0000,41
3268129,297,3,2025-07-29T06:34:16.582739+0000,57
3268129,297,3,2025-07-29T06:38:25.626579+0000,50
3268129,297,3,2025-07-29T06:57:02.654329+0000,32
3269131,263,3,2025-07-31T07:22:28.005357+0000,32
3281101,816,3,2025-08-02T00:26:48.862258+0000,35
3284129,297,3,2025-07-29T09:00:08.605497+0000,33
3290102,153,3,2025-08-02T10:10:03.547881+0000,32
3291103,151,3,2025-08-03T14:39:56.090011+0000,36
3291103,151,3,2025-08-03T14:46:04.154286+0000,36
3292130,273,3,2025-07-30T09:49:27.121306+0000,34
3300130,273,3,2025-07-30T10:11:19.312617+0000,764
3305101,274,3,2025-08-01T03:56:49.522107+0000,32
3308130,273,3,2025-07-30T10:57:49.590593+0000,53
3309131,263,3,2025-07-31T11:20:49.928762+0000,31
3324129,297,3,2025-07-29T12:33:41.395613+0000,32
3329101,274,3,2025-08-01T05:56:00.521199+0000,33
3330102,153,3,2025-08-02T14:01:53.504296+0000,52
3340129,297,3,2025-07-29T14:21:55.267996+0000,32
3345101,274,3,2025-08-01T07:56:48.511918+0000,61
3345101,274,3,2025-08-01T08:06:46.601019+0000,32
3347103,151,3,2025-08-03T21:03:33.327462+0000,43
3353101,274,3,2025-08-01T08:59:08.034381+0000,31
3354102,153,3,2025-08-02T17:13:03.312985+0000,34
3361101,274,3,2025-08-01T09:16:16.202218+0000,58
3362102,153,3,2025-08-02T17:25:39.420627+0000,65
3363127,274,3,2025-07-27T22:20:49.065486+0000,31
3380128,274,3,2025-07-28T03:30:20.091615+0000,166
3404129,274,3,2025-07-29T06:17:19.373871+0000,63
3404129,274,3,2025-07-29T06:22:41.421509+0000,54
3404129,274,3,2025-07-29T06:38:46.590773+0000,62
3420128,274,3,2025-07-28T07:46:25.496601+0000,31
3420129,274,3,2025-07-29T07:42:01.946856+0000,33
3420130,263,3,2025-07-30T07:43:09.274433+0000,45
3420130,263,3,2025-07-30T07:49:17.316400+0000,47
3420130,263,3,2025-07-30T07:59:18.368443+0000,53
3425101,274,3,2025-08-01T16:01:55.706725+0000,32
3425101,274,3,2025-08-01T16:14:13.826709+0000,37
3428130,263,3,2025-07-30T09:08:11.808594+0000,32
3436129,274,3,2025-07-29T09:51:54.004398+0000,32
3436130,263,3,2025-07-30T09:24:10.898825+0000,31
3444130,263,3,2025-07-30T10:57:23.580910+0000,31
3452128,274,3,2025-07-28T11:29:16.122988+0000,36
3452128,274,3,2025-07-28T11:38:54.205914+0000,50
3460128,274,3,2025-07-28T11:45:46.267954+0000,53
3468128,274,3,2025-07-28T12:42:05.705071+0000,32
3489101,153,3,2025-08-01T08:24:10.726701+0000,45
3489101,153,3,2025-08-01T08:32:01.903578+0000,38
3498102,265,3,2025-08-02T14:01:43.513348+0000,34
3556128,274,3,2025-07-28T22:55:50.588791+0000,31
3564129,274,3,2025-07-29T23:59:05.100933+0000,32
3569101,153,3,2025-08-01T16:02:42.713317+0000,56
3569101,153,3,2025-08-01T16:34:48.984771+0000,61
3569101,153,3,2025-08-01T16:37:45.021013+0000,144
3572129,274,3,2025-07-30T00:34:06.283288+0000,32
3572130,263,3,2025-07-31T00:29:14.504951+0000,59
3577101,153,3,2025-08-01T17:01:14.280632+0000,32
3585101,153,3,2025-08-01T17:49:07.648349+0000,37
3596130,262,3,2025-07-30T01:45:51.641514+0000,31
3613131,297,3,2025-07-31T02:58:07.180764+0000,31
3644128,771,3,2025-07-28T06:20:47.894666+0000,31
3652130,262,3,2025-07-30T07:43:17.275337+0000,44
3659103,1830,13,2025-08-03T04:03:26.388631+0000,31
3659103,1830,13,2025-08-03T04:07:05.399219+0000,37
3659103,1830,13,2025-08-03T04:07:37.402633+0000,32
3659103,1830,13,2025-08-03T04:09:01.416784+0000,35
3659103,1830,13,2025-08-03T04:09:50.410818+0000,48
3660130,262,3,2025-07-30T07:49:23.312614+0000,59
3660130,262,3,2025-07-30T07:59:24.350980+0000,70
3681101,305,3,2025-08-01T03:29:03.376466+0000,32
3684130,262,3,2025-07-30T10:57:03.583878+0000,35
3693131,297,3,2025-07-31T11:14:03.894568+0000,32
3729101,305,3,2025-08-01T08:01:43.543297+0000,56
3729101,305,3,2025-08-01T08:24:16.726184+0000,40
3729101,305,3,2025-08-01T08:30:57.796064+0000,77
3729101,305,3,2025-08-01T08:31:57.847283+0000,42
3801101,305,3,2025-08-01T16:01:57.710833+0000,41
3801101,305,3,2025-08-01T16:02:44.711813+0000,44
3809101,305,3,2025-08-01T16:34:49.978536+0000,59
3817101,305,3,2025-08-01T17:49:09.652279+0000,46
3828128,1905,3,2025-07-28T07:09:14.234592+0000,386
3843103,1831,4,2025-08-03T02:08:52.727586+0000,1718
3905101,257,3,2025-08-01T08:24:24.956700+0000,54
3905101,257,3,2025-08-01T08:32:07.810903+0000,47
3905101,257,3,2025-08-01T08:42:24.715802+0000,34
3913101,257,3,2025-08-01T09:15:59.209041+0000,41
3932129,262,3,2025-07-29T03:49:31.187653+0000,43
3948129,262,3,2025-07-29T04:56:28.718313+0000,32
3963103,1831,9,2025-08-03T14:45:01.152953+0000,35
3964129,262,3,2025-07-29T06:34:03.500566+0000,47
3964129,262,3,2025-07-29T06:38:11.561289+0000,34
3977101,257,3,2025-08-01T16:02:01.714262+0000,43
3977101,257,3,2025-08-01T16:02:51.711550+0000,47
3985101,257,3,2025-08-01T17:01:42.277969+0000,36
4004128,308,3,2025-07-28T11:19:20.039854+0000,45
4012128,308,3,2025-07-28T11:30:03.143019+0000,62
4033101,151,3,2025-08-01T06:50:33.903676+0000,45
4049101,151,3,2025-08-01T08:32:24.796218+0000,57
4049101,151,3,2025-08-01T08:54:49.970914+0000,96
4057101,151,3,2025-08-01T09:15:06.213549+0000,37
4057101,151,3,2025-08-01T09:16:18.210624+0000,49
4060128,308,3,2025-07-28T16:25:33.268887+0000,32
4065101,151,3,2025-08-01T09:51:25.563938+0000,56
4069131,273,3,2025-07-31T17:54:45.952475+0000,31
4090102,864,4,2025-08-02T07:39:55.323032+0000,47
4114102,864,6,2025-08-02T10:12:56.563437+0000,43
4125131,792,3,2025-07-31T02:10:10.939897+0000,579
4129101,151,3,2025-08-01T16:34:16.248631+0000,32
4129101,151,3,2025-08-01T17:02:09.273903+0000,44
4138102,888,6,2025-08-02T13:01:15.943803+0000,1095
4145101,151,3,2025-08-01T18:37:56.014117+0000,31
4148128,307,3,2025-07-28T04:23:01.992737+0000,32
4164129,307,3,2025-07-29T06:34:04.501480+0000,48
4172129,307,3,2025-07-29T06:38:14.562582+0000,40
4180129,307,3,2025-07-29T07:24:23.573502+0000,32
4201101,151,3,2025-08-02T00:56:58.004506+0000,69
4212128,307,3,2025-07-28T11:31:44.137863+0000,45
4220128,307,3,2025-07-28T11:46:02.288880+0000,46
4268130,1880,3,2025-07-30T17:04:00.057198+0000,31
4281101,265,3,2025-08-01T07:54:03.551205+0000,54
4281101,265,3,2025-08-01T08:01:38.589570+0000,48
4289101,265,3,2025-08-01T08:24:04.719404+0000,40
4289101,265,3,2025-08-01T08:31:54.794455+0000,31
4289101,265,3,2025-08-01T08:47:26.922753+0000,57
4289101,265,3,2025-08-01T08:58:55.008009+0000,88
4289101,265,3,2025-08-01T09:15:43.204368+0000,34
4316129,263,3,2025-07-29T04:09:05.350187+0000,34
4316129,263,3,2025-07-29T04:11:23.361151+0000,34
4316129,263,3,2025-07-29T04:15:18.415293+0000,73
4316129,263,3,2025-07-29T04:15:59.415758+0000,41
4316129,263,3,2025-07-29T04:18:08.432458+0000,129
4324129,263,3,2025-07-29T04:25:33.477379+0000,89
4324129,263,3,2025-07-29T04:26:32.483629+0000,36
4324129,263,3,2025-07-29T04:30:41.529704+0000,241
4324129,263,3,2025-07-29T04:32:24.573689+0000,103
4324130,153,3,2025-07-30T04:21:22.780168+0000,331
4340129,263,3,2025-07-29T06:16:11.349884+0000,59
4340129,263,3,2025-07-29T06:17:05.420307+0000,39
4340129,263,3,2025-07-29T06:22:27.418060+0000,44
4340129,263,3,2025-07-29T06:38:34.548709+0000,50
4361101,265,3,2025-08-01T16:02:38.718077+0000,36
4361101,265,3,2025-08-01T16:34:42.983132+0000,48
4362102,870,9,2025-08-02T09:10:18.047580+0000,54
4377101,265,3,2025-08-01T17:49:01.689201+0000,37
4386102,870,13,2025-08-02T11:24:41.185850+0000,38
4388128,784,3,2025-07-28T11:18:34.041772+0000,58
4388130,153,3,2025-07-30T10:57:44.586864+0000,45
4457101,790,3,2025-08-01T07:48:41.444731+0000,32
4490102,1815,13,2025-08-02T02:51:07.559794+0000,272
4491103,276,4,2025-08-03T17:49:46.790798+0000,31
4508130,866,6,2025-07-30T07:42:28.267741+0000,45
4529101,806,3,2025-08-01T15:54:49.661275+0000,32
4530102,1815,13,2025-08-02T07:17:48.114692+0000,43
4617101,1810,6,2025-08-01T08:02:25.552724+0000,42
4617101,1810,6,2025-08-01T08:03:04.564909+0000,34
4617101,1810,6,2025-08-01T08:03:49.593844+0000,37
4620128,1800,12,2025-07-28T21:07:29.040009+0000,36
4633101,1810,6,2025-08-01T10:48:02.975907+0000,31
4684128,904,6,2025-07-28T10:19:01.601557+0000,31
4729101,1810,10,2025-08-01T22:10:24.239811+0000,33
4796128,1833,4,2025-07-28T02:31:39.294841+0000,50
4796128,1824,4,2025-07-28T02:38:16.336204+0000,376
4796129,1809,4,2025-07-29T03:15:22.906376+0000,32
4820129,1809,6,2025-07-29T06:16:14.371766+0000,36
4835103,1925,4,2025-08-03T10:29:42.013825+0000,33
4844128,1824,6,2025-07-28T08:27:54.786754+0000,582
4858102,851,13,2025-08-02T07:04:43.980731+0000,42
4866102,851,9,2025-08-02T07:23:24.173473+0000,99
4876130,1810,6,2025-07-30T12:23:16.210023+0000,31
4929101,1859,6,2025-08-01T07:19:54.125529+0000,70
5010102,306,4,2025-08-02T07:52:05.496003+0000,66
5010102,306,4,2025-08-02T07:57:33.478456+0000,41
5010102,306,4,2025-08-02T07:59:23.472176+0000,102
5018102,306,4,2025-08-02T08:55:58.902368+0000,71
5018102,306,4,2025-08-02T09:11:20.049610+0000,64
5018102,306,4,2025-08-02T09:13:21.086494+0000,80
5026102,306,4,2025-08-02T09:37:27.308219+0000,32
5026102,306,4,2025-08-02T09:38:42.309690+0000,54
5026102,306,4,2025-08-02T09:39:43.325241+0000,56
5034102,306,4,2025-08-02T10:50:45.839833+0000,53
5034102,306,4,2025-08-02T10:51:29.876978+0000,44
5042102,306,4,2025-08-02T11:19:21.125771+0000,105
5050102,306,4,2025-08-02T12:14:50.602562+0000,33
5050102,306,4,2025-08-02T12:22:18.651762+0000,31
5050102,306,4,2025-08-02T12:35:37.747935+0000,55
5050102,306,4,2025-08-02T12:36:30.771540+0000,32
5052130,1817,13,2025-07-30T13:13:13.555402+0000,41
5052130,1817,13,2025-07-30T13:14:00.564454+0000,47
5057101,1881,13,2025-08-01T02:56:53.252968+0000,165
5058102,306,4,2025-08-02T12:47:18.863134+0000,32
5058102,306,4,2025-08-02T12:58:00.932144+0000,42
5058102,306,4,2025-08-02T13:01:06.951432+0000,74
5058102,306,4,2025-08-02T13:22:33.189905+0000,31
5066102,306,4,2025-08-02T14:02:22.528036+0000,96
5066102,306,4,2025-08-02T14:15:29.637947+0000,56
5074102,306,4,2025-08-02T14:39:07.833212+0000,64
5074102,306,4,2025-08-02T14:40:21.854438+0000,42
5081101,1881,9,2025-08-01T05:22:04.230665+0000,221
5082102,306,4,2025-08-02T15:34:32.386455+0000,31
5082102,306,4,2025-08-02T15:57:12.584627+0000,79
5082102,306,4,2025-08-02T16:03:05.645130+0000,38
5082102,306,4,2025-08-02T16:07:47.664040+0000,60
5082102,306,4,2025-08-02T16:09:57.681003+0000,62
5082102,306,4,2025-08-02T16:11:23.703848+0000,84
5082102,306,4,2025-08-02T16:12:56.718485+0000,93
5090102,306,4,2025-08-02T16:16:25.741465+0000,37
5090102,306,4,2025-08-02T16:24:39.839955+0000,35
5090102,306,4,2025-08-02T16:25:33.833379+0000,53
5090102,306,4,2025-08-02T16:26:57.841160+0000,35
5092128,1878,13,2025-07-28T18:19:29.998443+0000,33
5098102,306,4,2025-08-02T17:13:03.313872+0000,61
5098102,306,4,2025-08-02T17:25:17.414261+0000,32
5106102,306,4,2025-08-02T17:46:23.582746+0000,31
5106102,306,4,2025-08-02T18:01:49.721294+0000,31
5106102,306,4,2025-08-02T18:07:31.762458+0000,35
5106102,306,4,2025-08-02T18:09:02.772107+0000,54
5106102,306,4,2025-08-02T18:10:03.793375+0000,34
5106102,306,4,2025-08-02T18:41:23.098467+0000,48
5114102,306,4,2025-08-02T19:11:16.365681+0000,57
5122102,306,4,2025-08-02T19:40:03.558266+0000,36
5122102,306,4,2025-08-02T19:41:17.573794+0000,74
5147103,1922,4,2025-08-03T18:40:42.276966+0000,32
5185101,1881,13,2025-08-01T17:01:17.263261+0000,56
5243103,1927,4,2025-08-03T04:55:48.665504+0000,31
5258102,1813,12,2025-08-02T21:52:16.456921+0000,627
5282102,151,4,2025-08-02T07:15:12.101571+0000,44
5362102,151,4,2025-08-02T15:39:29.439354+0000,48
5372130,1891,13,2025-07-30T08:12:03.416631+0000,62
5378102,151,4,2025-08-02T17:21:27.392540+0000,56
5387103,1927,4,2025-08-03T18:29:53.185732+0000,42
5409101,1832,4,2025-08-01T01:56:32.926773+0000,134
5514102,1873,4,2025-08-02T19:07:55.333375+0000,31
5514102,1873,4,2025-08-02T19:08:38.334723+0000,31
5524130,1842,13,2025-07-30T05:15:10.117671+0000,32
5545101,1832,9,2025-08-01T16:01:57.713182+0000,39
5555103,1939,4,2025-08-03T16:57:18.398579+0000,31
5564128,1842,13,2025-07-28T09:17:51.204490+0000,31
5564129,1841,13,2025-07-29T09:07:49.683696+0000,323
5580128,1842,9,2025-07-28T11:18:32.037404+0000,45
5596130,1842,13,2025-07-30T13:18:49.588768+0000,32
5612128,1842,9,2025-07-28T14:16:27.372490+0000,50
5627127,1926,4,2025-07-28T00:34:17.665140+0000,2161
5651103,1926,4,2025-08-03T09:05:27.395308+0000,366
5660129,1841,13,2025-07-29T19:17:59.491051+0000,41
5673101,1817,9,2025-08-01T10:08:50.688474+0000,31
5685131,1849,4,2025-07-31T05:04:00.030547+0000,113
5685131,1849,4,2025-07-31T05:49:31.405512+0000,462
5692129,308,4,2025-07-29T06:16:52.366616+0000,33
5692129,308,4,2025-07-29T06:34:11.509119+0000,51
5700129,308,4,2025-07-29T06:38:20.547821+0000,40
5716128,805,4,2025-07-28T08:58:24.001213+0000,31
5769101,1817,9,2025-08-01T20:06:18.129273+0000,31
5788129,308,10,2025-07-29T17:28:24.721794+0000,31
5793101,297,4,2025-08-01T06:27:23.775091+0000,32
5801101,297,4,2025-08-01T07:23:15.149325+0000,59
5805131,307,4,2025-07-31T05:16:26.169952+0000,31
5809101,297,4,2025-08-01T07:42:24.385254+0000,43
5809101,297,4,2025-08-01T07:42:56.361390+0000,31
5809101,297,4,2025-08-01T08:00:41.556264+0000,37
5812129,309,4,2025-07-29T06:17:30.365490+0000,71
5812129,309,4,2025-07-29T06:22:40.407660+0000,66
5817101,297,4,2025-08-01T08:32:16.863683+0000,63
5817101,297,4,2025-08-01T09:16:05.200242+0000,47
5828128,281,4,2025-07-28T07:39:31.449595+0000,32
5828129,309,4,2025-07-29T07:28:43.856829+0000,32
5828130,260,4,2025-07-30T07:41:53.260762+0000,39
5828130,260,4,2025-07-30T07:43:00.287098+0000,33
5828130,260,4,2025-07-30T07:49:07.317231+0000,43
5828130,260,4,2025-07-30T07:59:07.365232+0000,40
5833101,297,4,2025-08-01T11:04:25.157049+0000,34
5836129,309,4,2025-07-29T08:18:58.286885+0000,32
5841101,297,4,2025-08-01T11:31:28.475320+0000,31
5841101,297,4,2025-08-01T11:36:27.042167+0000,31
5841101,297,4,2025-08-01T11:42:26.999094+0000,53
5844130,260,4,2025-07-30T09:38:56.031241+0000,50
5849101,297,4,2025-08-01T12:52:12.590094+0000,34
5849101,297,4,2025-08-01T13:05:56.242630+0000,262
5860128,281,4,2025-07-28T11:19:21.035085+0000,43
5860128,281,4,2025-07-28T11:30:14.140472+0000,56
5865101,297,4,2025-08-01T14:44:29.081053+0000,36
5881101,297,4,2025-08-01T16:02:59.725842+0000,62
5881101,297,4,2025-08-01T16:10:59.797500+0000,32
5881101,297,4,2025-08-01T16:13:38.847417+0000,37
5889101,297,10,2025-08-01T17:01:52.264110+0000,35
5892129,309,4,2025-07-29T15:17:41.700611+0000,32
5909131,307,4,2025-07-31T16:46:22.534563+0000,33
5916130,260,4,2025-07-30T17:51:47.354369+0000,31
5937101,263,4,2025-08-01T08:24:12.730607+0000,43
5937101,263,4,2025-08-01T08:32:01.911224+0000,32
5945101,263,4,2025-08-01T09:15:50.203519+0000,36
5947103,1832,10,2025-08-03T09:23:33.516420+0000,33
5956129,151,4,2025-07-29T06:34:08.553755+0000,49
5972130,257,4,2025-07-30T07:48:49.304750+0000,33
5978102,1925,4,2025-08-02T17:30:29.446799+0000,37
5988130,257,4,2025-07-30T09:38:35.023127+0000,36
5996128,153,4,2025-07-28T11:09:17.968507+0000,31
5996130,257,4,2025-07-30T10:57:55.583124+0000,53
6001101,263,4,2025-08-01T16:02:46.719081+0000,45
6004128,263,4,2025-07-28T11:29:47.142566+0000,45
6004128,263,4,2025-07-28T11:38:49.209007+0000,45
6004128,263,4,2025-07-28T11:45:41.261975+0000,39
6004128,263,4,2025-07-28T12:09:03.463821+0000,32
6009101,263,4,2025-08-01T16:34:49.978321+0000,74
6017101,263,4,2025-08-01T17:49:07.648984+0000,56
6021131,265,4,2025-07-31T13:01:04.740326+0000,50
6036128,263,4,2025-07-28T15:34:50.901170+0000,32
6037131,265,4,2025-07-31T15:12:02.799175+0000,31
6050102,1927,4,2025-08-03T01:25:18.489056+0000,1791
6067103,1890,6,2025-08-03T03:28:05.177419+0000,36
6068129,260,4,2025-07-29T06:33:44.568538+0000,37
6073101,307,4,2025-08-01T08:24:15.723269+0000,49
6077131,151,4,2025-07-31T07:10:48.908884+0000,32
6081101,307,4,2025-08-01T08:32:05.792906+0000,50
6081101,307,4,2025-08-01T09:15:53.207176+0000,42
6090102,1939,4,2025-08-02T08:39:30.795281+0000,38
6092129,260,4,2025-07-29T08:59:04.587523+0000,31
6106102,1939,4,2025-08-02T10:39:29.747177+0000,47
6141131,151,4,2025-07-31T14:34:02.525275+0000,58
6141131,151,4,2025-07-31T15:03:54.746686+0000,229
6145101,307,4,2025-08-01T16:02:56.714950+0000,59
6148130,1906,4,2025-07-30T15:30:27.129460+0000,33
6185101,273,4,2025-08-01T07:53:47.512030+0000,53
6185101,273,4,2025-08-01T08:01:25.537979+0000,43
6193101,273,4,2025-08-01T08:40:59.866326+0000,50
6193101,273,4,2025-08-01T08:41:37.873363+0000,38
6204128,806,4,2025-07-28T05:59:02.730195+0000,44
6205131,257,4,2025-07-31T06:04:14.483303+0000,33
6205131,257,4,2025-07-31T06:06:53.505837+0000,48
6212129,273,4,2025-07-29T06:17:22.361003+0000,63
6212129,273,4,2025-07-29T06:22:44.433469+0000,58
6244129,273,4,2025-07-29T09:59:46.072576+0000,33
6257101,273,4,2025-08-01T16:14:27.834234+0000,54
6257101,273,4,2025-08-01T16:34:27.987685+0000,36
6265101,273,4,2025-08-01T17:02:16.284408+0000,62
6306102,1929,4,2025-08-02T18:58:45.248811+0000,31
6329101,306,4,2025-08-01T08:01:25.538043+0000,47
6329101,306,4,2025-08-01T08:32:17.808190+0000,98
6329101,306,4,2025-08-01T08:34:39.829613+0000,61
6329101,306,4,2025-08-01T08:35:45.081279+0000,32
6337101,306,4,2025-08-01T09:03:52.072962+0000,58
6337101,306,4,2025-08-01T09:04:54.101050+0000,42
6337101,306,4,2025-08-01T09:05:40.079881+0000,45
6337101,306,4,2025-08-01T09:06:25.464420+0000,45
6345101,306,4,2025-08-01T10:24:31.858909+0000,53
6345101,306,4,2025-08-01T10:39:43.918633+0000,31
6353101,306,4,2025-08-01T10:50:29.991450+0000,60
6353101,306,4,2025-08-01T10:55:22.072236+0000,34
6353101,306,4,2025-08-01T10:55:55.069646+0000,31
6353101,306,4,2025-08-01T10:57:36.100269+0000,72
6353101,306,4,2025-08-01T10:58:15.102712+0000,36
6353101,306,4,2025-08-01T11:00:31.128108+0000,41
6361101,306,4,2025-08-01T12:14:26.767335+0000,50
6361101,306,4,2025-08-01T12:33:30.916988+0000,318
6369101,306,4,2025-08-01T12:38:55.969044+0000,55
6369101,306,4,2025-08-01T12:45:24.017775+0000,48
6369101,306,4,2025-08-01T12:46:34.014114+0000,63
6372129,1873,4,2025-07-29T08:04:40.174226+0000,31
6377101,306,4,2025-08-01T14:08:06.766331+0000,85
6385101,306,4,2025-08-01T14:20:52.827624+0000,44
6385101,306,4,2025-08-01T14:22:51.866229+0000,36
6385101,306,4,2025-08-01T14:24:34.877893+0000,57
6385101,306,4,2025-08-01T14:26:18.904960+0000,35
6385101,306,4,2025-08-01T14:36:13.968803+0000,56
6385101,306,4,2025-08-01T14:38:14.970826+0000,102
6385101,306,4,2025-08-01T14:41:00.990318+0000,52
6393101,306,4,2025-08-01T15:51:12.629867+0000,76
6393101,306,4,2025-08-01T16:00:13.701199+0000,32
6393101,306,4,2025-08-01T16:02:12.719343+0000,32
6393101,306,4,2025-08-01T16:03:23.719201+0000,32
6396128,260,4,2025-07-28T11:17:53.041112+0000,40
6396128,260,4,2025-07-28T11:18:30.042026+0000,37
6396128,260,4,2025-07-28T11:29:48.131635+0000,44
6401101,306,4,2025-08-01T16:14:27.834545+0000,52
6401101,306,4,2025-08-01T16:26:12.911855+0000,126
6401101,306,4,2025-08-01T16:27:56.945717+0000,73
6401101,306,4,2025-08-01T16:34:28.971090+0000,35
6404128,260,4,2025-07-28T11:46:02.287723+0000,58
6409101,306,4,2025-08-01T17:02:25.274846+0000,79
6409101,306,4,2025-08-01T17:39:37.594875+0000,38
6409101,306,4,2025-08-01T17:41:23.604825+0000,52
6409101,306,4,2025-08-01T17:42:13.613273+0000,50
6409101,306,4,2025-08-01T17:43:25.625635+0000,34
6417101,306,4,2025-08-01T18:10:08.823921+0000,33
6417101,306,4,2025-08-01T18:10:58.824540+0000,50
6417101,306,4,2025-08-01T18:13:09.833319+0000,109
6418102,1922,4,2025-08-02T02:44:02.512580+0000,31
6427103,1814,6,2025-08-03T03:41:00.249349+0000,606
6433101,306,4,2025-08-01T19:46:34.522774+0000,79
6433101,306,4,2025-08-01T19:50:47.538209+0000,49
6433101,306,4,2025-08-01T19:57:50.577179+0000,65
6433101,306,4,2025-08-01T19:58:48.597068+0000,36
6436130,832,4,2025-07-30T15:34:46.459807+0000,31
6465101,792,4,2025-08-01T07:19:54.119211+0000,72
6476129,1826,4,2025-07-29T06:38:11.567174+0000,40
6482102,1922,4,2025-08-02T09:04:11.980327+0000,31
6500129,1826,4,2025-07-29T08:19:09.286425+0000,39
6553101,1800,4,2025-08-01T03:10:04.269975+0000,52
6577101,1800,4,2025-08-01T06:34:05.785687+0000,363
6580128,1797,4,2025-07-28T17:30:57.700131+0000,31
6585101,1800,4,2025-08-01T06:32:21.777072+0000,32
6585101,1800,4,2025-08-01T06:34:21.774722+0000,34
6585101,1800,4,2025-08-01T07:19:53.124315+0000,67
6588128,1797,4,2025-07-28T18:26:46.080315+0000,31
6593101,1800,4,2025-08-01T07:33:04.274563+0000,54
6593101,1800,4,2025-08-01T07:33:43.286800+0000,39
6658102,1926,4,2025-08-02T10:18:10.608791+0000,34
6673101,1800,4,2025-08-01T16:35:54.000846+0000,44
6673101,1800,4,2025-08-01T16:54:42.213944+0000,39
6690102,1926,4,2025-08-02T12:03:02.524649+0000,513
6692129,1929,4,2025-07-29T03:32:04.015917+0000,83
6693131,1927,4,2025-07-31T03:27:19.339119+0000,32
6697101,1800,4,2025-08-01T19:15:53.345870+0000,43
6697101,1800,4,2025-08-01T19:17:00.411665+0000,41
6722102,1926,4,2025-08-02T14:17:13.688253+0000,34
6740128,1936,4,2025-07-28T08:32:03.802077+0000,2872
6740129,1929,4,2025-07-29T09:22:32.797462+0000,31
6770102,1926,4,2025-08-02T17:22:49.434050+0000,38
6780128,1936,4,2025-07-28T14:10:07.333660+0000,50
6785101,1938,4,2025-08-01T03:24:21.097265+0000,1583
6789131,1927,4,2025-07-31T14:48:30.619056+0000,38
6796128,1936,4,2025-07-28T16:10:25.169648+0000,31
6801101,1938,4,2025-08-01T04:12:53.704952+0000,1065
6809101,1938,4,2025-08-01T05:38:07.359135+0000,3245
6827103,1847,6,2025-08-03T14:45:24.164007+0000,31
6842102,1936,4,2025-08-02T08:41:46.811002+0000,34
6860130,1939,4,2025-07-30T23:57:43.397291+0000,34
6916128,1929,4,2025-07-28T05:13:04.411384+0000,41
6932128,1929,4,2025-07-28T07:36:24.242415+0000,34
6940128,1929,4,2025-07-28T08:24:43.755022+0000,175
6987103,1826,9,2025-08-03T14:45:05.191967+0000,44
6993101,1929,4,2025-08-01T02:51:11.230193+0000,707
6996128,1929,4,2025-07-28T15:28:07.866962+0000,35
7001101,1929,4,2025-08-01T04:07:58.603651+0000,2635
7009101,1929,4,2025-08-01T04:27:38.711628+0000,933
7013131,1938,4,2025-07-31T17:30:00.828937+0000,39
7017101,1929,4,2025-08-01T06:09:14.649928+0000,4034
7028129,1927,4,2025-07-29T18:49:46.314928+0000,31
7050102,1927,4,2025-08-02T12:52:06.883241+0000,31
7059103,1826,4,2025-08-03T21:56:45.588392+0000,31
7097101,1929,4,2025-08-01T15:05:05.248657+0000,49
7097101,1929,4,2025-08-01T15:14:07.325053+0000,52
7097101,1929,4,2025-08-01T15:19:33.395790+0000,134
7097101,1929,4,2025-08-01T15:22:03.396232+0000,113
7097101,1929,4,2025-08-01T15:23:51.411542+0000,101
7097101,1929,4,2025-08-01T15:25:16.430503+0000,66
7097101,1929,4,2025-08-01T15:27:00.465686+0000,80
7100128,1926,4,2025-07-28T08:27:10.777180+0000,37
7108128,1926,4,2025-07-28T09:24:41.247442+0000,91
7153101,1927,4,2025-08-01T03:06:06.263044+0000,4197
7161101,1927,4,2025-08-01T03:21:33.330293+0000,648
7194102,1923,6,2025-08-02T03:37:01.763640+0000,37
7220130,1929,4,2025-07-30T20:59:33.454903+0000,216
7225101,1927,4,2025-08-01T11:11:11.235305+0000,61
7226102,1923,10,2025-08-02T07:18:38.130209+0000,40
7226102,1923,10,2025-08-02T07:23:56.179837+0000,51
7228129,1936,4,2025-07-29T21:13:09.246192+0000,51
7234102,1923,10,2025-08-02T08:27:32.748188+0000,31
7234102,1923,10,2025-08-02T08:31:08.747067+0000,44
7266102,1923,10,2025-08-02T11:46:19.383947+0000,33
7266102,1923,10,2025-08-02T11:47:08.395164+0000,40
7268129,1922,4,2025-07-29T03:28:11.994337+0000,64
7277131,1925,4,2025-07-31T03:59:29.588160+0000,35
7284128,1925,4,2025-07-28T04:31:24.092988+0000,394
7290102,1923,10,2025-08-02T13:50:28.434929+0000,34
7314102,1923,12,2025-08-02T16:43:34.993339+0000,31
7330102,1923,10,2025-08-02T18:17:47.839966+0000,47
7338102,1923,12,2025-08-02T18:35:00.994150+0000,31
7348130,1922,4,2025-07-30T12:52:24.410823+0000,31
7354102,1923,10,2025-08-02T20:19:26.833344+0000,35
7354102,1923,10,2025-08-02T20:25:03.879596+0000,32
7356128,1925,4,2025-07-28T14:00:27.646497+0000,31
7362102,1923,10,2025-08-02T21:17:49.240577+0000,35
7364130,1922,4,2025-07-30T14:54:06.202815+0000,34
7369101,1927,4,2025-08-01T23:57:46.727869+0000,106
7380130,1922,4,2025-07-30T16:18:27.289871+0000,31
7386102,1923,6,2025-08-02T23:36:10.963650+0000,31
7396130,1922,4,2025-07-30T18:29:47.589853+0000,40
7413131,1925,4,2025-07-31T19:44:30.821276+0000,31
7425101,1926,4,2025-08-01T03:53:25.504687+0000,1016
7426102,1906,6,2025-08-02T03:21:31.682418+0000,70
7444128,1922,4,2025-07-28T04:29:48.066874+0000,585
7452128,1922,4,2025-07-28T04:45:31.218553+0000,31
7453131,1926,4,2025-07-31T04:43:17.907593+0000,126
7475103,1878,13,2025-08-03T09:23:40.518091+0000,32
7492130,1925,4,2025-07-30T07:30:30.182474+0000,31
7516128,1922,4,2025-07-28T08:44:53.907854+0000,33
7529101,1926,4,2025-08-01T16:54:48.213600+0000,35
7531103,1878,13,2025-08-03T14:45:28.161714+0000,31
7545101,1926,4,2025-08-01T18:31:17.957029+0000,36
7556128,1922,4,2025-07-28T11:18:26.536230+0000,33
7572130,1925,4,2025-07-30T12:12:59.104271+0000,99
7577101,1936,4,2025-08-01T02:26:38.098643+0000,362
7604128,1922,4,2025-07-28T14:30:27.089886+0000,32
7629131,1926,4,2025-07-31T15:45:30.094895+0000,32
7650102,1843,10,2025-08-02T06:18:49.648672+0000,71
7658102,1843,10,2025-08-02T07:25:37.194794+0000,44
7658102,1843,10,2025-08-02T07:27:49.218641+0000,37
7690102,1843,10,2025-08-02T10:35:32.714422+0000,42
7690102,1843,10,2025-08-02T10:38:40.751229+0000,32
7714102,1843,10,2025-08-02T12:37:16.777481+0000,32
7722102,1843,10,2025-08-02T13:46:59.414325+0000,42
7730102,1843,12,2025-08-02T14:06:26.927453+0000,40
7730102,1843,12,2025-08-02T14:07:06.583724+0000,39
7730102,1843,12,2025-08-02T14:08:34.575886+0000,36
7738102,1843,12,2025-08-02T15:29:18.349516+0000,31
7739103,867,4,2025-08-03T09:37:26.600480+0000,149
7746102,1843,10,2025-08-02T15:49:44.528048+0000,45
7747103,867,4,2025-08-03T11:18:03.406897+0000,254
7762102,1843,12,2025-08-02T17:21:39.400109+0000,40
7786102,1843,10,2025-08-02T20:17:53.824974+0000,31
7789131,1936,4,2025-07-31T07:47:39.217929+0000,38
7794102,1843,12,2025-08-02T20:39:37.963558+0000,38
7817101,1936,4,2025-08-01T18:39:23.031225+0000,44
7820130,1926,4,2025-07-30T09:48:56.114905+0000,44
7857101,1922,4,2025-08-01T02:55:02.243806+0000,1516
7860130,1926,4,2025-07-30T12:05:24.044010+0000,38
7865101,1922,4,2025-08-01T03:02:00.258788+0000,213
7865101,1922,4,2025-08-01T03:08:07.267562+0000,35
7868128,1939,4,2025-07-28T12:33:52.642719+0000,122
7876130,1926,4,2025-07-30T13:04:39.488316+0000,34
7884130,1926,4,2025-07-30T13:49:12.793969+0000,43
7897101,1922,4,2025-08-01T05:19:26.221112+0000,1690
7908130,1926,4,2025-07-30T14:54:18.196560+0000,36
7908130,1926,4,2025-07-30T14:55:42.212841+0000,42
7908130,1926,4,2025-07-30T14:56:24.231029+0000,42
7948129,1938,4,2025-07-29T17:37:40.788181+0000,45
7956129,1925,4,2025-07-29T18:08:17.004586+0000,318
7996128,1939,4,2025-07-28T22:18:40.403177+0000,271
8003103,1849,10,2025-08-03T19:17:08.589166+0000,32
8036129,1925,4,2025-07-29T04:43:41.639179+0000,236
8036129,1925,4,2025-07-29T04:53:15.951204+0000,494
8057101,1922,4,2025-08-01T15:04:15.260279+0000,31
8060128,1938,4,2025-07-28T06:32:45.985116+0000,61
8065101,1922,4,2025-08-01T15:33:50.513883+0000,631
8068128,1938,4,2025-07-28T06:41:22.026458+0000,535
8069131,1922,4,2025-07-31T06:58:09.825451+0000,31
8077131,1922,4,2025-07-31T07:15:16.954098+0000,38
8092128,1938,4,2025-07-28T08:14:51.694910+0000,36
8148129,1925,4,2025-07-29T12:00:26.129768+0000,31
8157131,1922,4,2025-07-31T12:14:18.426061+0000,35
8164130,1936,4,2025-07-30T12:59:15.457866+0000,39
8169101,1922,4,2025-08-02T01:05:17.040972+0000,32
8204128,1938,4,2025-07-28T15:14:38.776038+0000,37
8218102,849,6,2025-08-02T07:57:59.466995+0000,914
8242102,849,6,2025-08-02T10:19:32.615766+0000,31
8250102,849,6,2025-08-02T11:13:38.044931+0000,34
8252129,1926,4,2025-07-29T05:34:43.984688+0000,33
8282102,849,6,2025-08-02T15:54:40.564554+0000,31
8292128,1927,4,2025-07-28T08:18:24.699298+0000,72
8300130,1938,4,2025-07-30T08:35:34.571127+0000,33
8325131,1929,4,2025-07-31T10:17:54.456068+0000,32
8338102,1849,6,2025-08-02T12:24:59.669106+0000,159
8338102,1849,6,2025-08-02T12:27:29.710176+0000,58
8338102,1849,6,2025-08-02T12:28:35.698811+0000,41
8338102,1849,6,2025-08-02T12:30:29.731085+0000,32
8340130,1938,4,2025-07-30T11:17:18.763657+0000,44
8340130,1938,4,2025-07-30T11:17:56.742139+0000,33
8385101,1939,4,2025-08-01T04:49:09.906183+0000,1250
8428130,1938,4,2025-07-30T16:34:26.885908+0000,34
8459103,1906,10,2025-08-03T14:45:21.155217+0000,42
8460130,1895,10,2025-07-30T04:22:14.749692+0000,31
8492130,1895,10,2025-07-30T07:21:25.090350+0000,45
8492130,1895,10,2025-07-30T07:38:50.242222+0000,145
8524128,1888,10,2025-07-28T10:07:21.534124+0000,32
8532128,1888,12,2025-07-28T11:29:18.136725+0000,39
8556128,1888,10,2025-07-28T13:51:54.190510+0000,31
8604130,1895,12,2025-07-30T18:15:08.498131+0000,41
8657101,1890,12,2025-08-01T08:33:05.815736+0000,33
8657101,1890,12,2025-08-01T08:33:36.835850+0000,31
8657101,1890,12,2025-08-01T08:36:41.848896+0000,31
8691103,868,10,2025-08-03T20:41:05.187868+0000,31
8713101,1890,12,2025-08-01T14:16:34.814185+0000,31
8730102,1895,13,2025-08-02T07:32:02.260340+0000,41
8770102,1895,13,2025-08-02T12:05:57.558450+0000,31
8817101,1831,6,2025-08-01T07:53:05.498907+0000,39
8825101,1831,6,2025-08-01T08:37:36.847350+0000,42
8828129,1824,6,2025-07-29T03:52:16.739590+0000,649
8873101,1831,6,2025-08-01T14:53:28.138791+0000,31
8906102,1846,13,2025-08-02T11:53:57.503089+0000,34
8922102,1846,9,2025-08-02T13:35:15.302481+0000,33
8939103,1843,10,2025-08-03T14:45:36.159027+0000,33
8972129,1824,4,2025-07-29T20:47:21.071296+0000,305
9027103,849,12,2025-08-03T05:04:35.721224+0000,56
9033101,1830,6,2025-08-01T10:08:42.683429+0000,32
9044130,1889,6,2025-07-30T07:41:56.258593+0000,40
9060130,1889,6,2025-07-30T09:38:00.024425+0000,36
9107103,849,6,2025-08-03T14:45:00.153587+0000,34
9107103,849,6,2025-08-03T14:45:33.157088+0000,33
9123103,849,6,2025-08-03T16:38:34.208190+0000,47
9162102,1874,13,2025-08-02T17:13:06.320921+0000,35
9225101,1904,6,2025-08-01T07:19:52.128749+0000,75
9251103,1829,4,2025-08-03T14:45:08.162598+0000,32
9266102,1830,9,2025-08-02T15:45:07.489687+0000,32
9317131,1826,6,2025-07-31T20:33:11.138240+0000,34
9325131,1826,12,2025-07-31T21:57:19.558846+0000,31
9337101,1904,12,2025-08-01T21:00:17.895823+0000,39
9337101,1904,12,2025-08-01T21:01:36.943688+0000,63
9385101,1857,6,2025-08-01T07:19:53.124590+0000,76
9385101,1857,6,2025-08-01T07:32:19.258519+0000,39
9457101,1857,6,2025-08-01T16:07:04.804888+0000,318
9466102,1875,12,2025-08-02T13:13:27.096339+0000,32
9469131,1849,4,2025-07-31T17:30:27.827188+0000,235
9498102,1875,12,2025-08-02T17:13:06.321004+0000,43
9501131,1849,4,2025-07-31T20:56:56.271792+0000,57
9588128,1810,4,2025-07-28T11:37:55.220856+0000,36
9588130,1809,4,2025-07-30T11:46:14.899388+0000,41
9593101,1845,4,2025-08-01T07:24:29.192721+0000,50
9593101,1845,4,2025-08-01T07:25:14.163310+0000,44
9593101,1845,4,2025-08-01T07:25:51.163792+0000,33
9601101,1845,4,2025-08-01T07:26:14.174340+0000,44
9633101,1845,4,2025-08-01T11:56:47.661266+0000,39
9641101,1845,4,2025-08-01T11:58:09.638888+0000,63
9673101,1845,4,2025-08-01T15:40:17.563004+0000,383
9692130,888,13,2025-07-30T05:08:29.057410+0000,87
9692130,888,13,2025-07-30T05:10:12.071390+0000,102
9700130,888,13,2025-07-30T05:42:25.341201+0000,149
9700130,888,13,2025-07-30T05:51:13.422915+0000,389
9700130,888,13,2025-07-30T05:57:29.453694+0000,34
9707103,864,6,2025-08-03T07:54:44.806298+0000,50
9708130,888,9,2025-07-30T06:34:01.736503+0000,2936
9716130,888,9,2025-07-30T07:19:36.080489+0000,5624
9755103,864,6,2025-08-03T14:02:00.750758+0000,38
9769101,1873,4,2025-08-01T07:19:54.125605+0000,77
9796129,1891,13,2025-07-29T17:03:48.586841+0000,33
9828130,888,13,2025-07-30T19:36:44.993639+0000,38
9889101,1873,4,2025-08-01T20:01:28.600235+0000,66
9889101,1873,4,2025-08-01T20:13:25.691022+0000,49
9914102,1828,10,2025-08-02T09:01:01.935845+0000,31
9924130,1890,9,2025-07-30T08:11:59.416333+0000,65
10089101,854,4,2025-08-02T00:43:44.951970+0000,36
10092130,1800,9,2025-07-30T08:12:01.446283+0000,69
10153101,1891,9,2025-08-01T07:19:15.105393+0000,41
10161101,1891,9,2025-08-01T08:01:48.540515+0000,258
10161101,1891,9,2025-08-01T08:10:16.722145+0000,31
10169101,1891,13,2025-08-01T09:14:29.199021+0000,33
10179103,1817,13,2025-08-03T04:28:14.515292+0000,33
10252129,1858,9,2025-07-29T04:21:01.466569+0000,496
10283103,1817,9,2025-08-03T15:05:35.358714+0000,31
10284130,1881,9,2025-07-30T07:42:25.269758+0000,34
10321101,1815,9,2025-08-01T07:33:26.295559+0000,31
10329101,1815,9,2025-08-01T08:16:37.683079+0000,439
10387103,1815,9,2025-08-03T12:20:28.863882+0000,36
10457101,1815,4,2025-08-01T21:47:57.146758+0000,65
10468128,1859,12,2025-07-28T06:47:40.074340+0000,31
10508130,1848,10,2025-07-30T10:57:05.597272+0000,33
10545101,1874,13,2025-08-01T09:16:33.258233+0000,43
10561101,1874,9,2025-08-01T10:18:37.756810+0000,51
10561101,1874,9,2025-08-01T10:20:12.767608+0000,42
10660130,1848,6,2025-07-31T02:22:48.006831+0000,318
10708130,1831,10,2025-07-30T08:29:17.527265+0000,36
10721101,1843,10,2025-08-01T07:19:51.144867+0000,65
10721101,1843,10,2025-08-01T07:22:18.139282+0000,32
10729101,1843,10,2025-08-01T08:33:10.819393+0000,53
10737101,1843,12,2025-08-01T08:55:36.990721+0000,34
10747103,1833,4,2025-08-03T04:09:46.419832+0000,38
10747103,1833,4,2025-08-03T04:11:50.419452+0000,41
10747103,1833,4,2025-08-03T04:21:26.487403+0000,218
10748130,1831,12,2025-07-30T12:44:23.357852+0000,31
10753101,1843,10,2025-08-01T10:38:48.919527+0000,31
10753101,1843,10,2025-08-01T10:39:29.906974+0000,32
10753101,1843,10,2025-08-01T10:42:01.064201+0000,56
10763103,1833,13,2025-08-03T05:48:54.974478+0000,53
10769101,1843,12,2025-08-01T12:16:32.801527+0000,41
10785101,1843,10,2025-08-01T13:52:43.620959+0000,39
10793101,1843,10,2025-08-01T15:02:54.238597+0000,62
10804130,1831,10,2025-07-30T18:27:52.572880+0000,31
10817101,1843,10,2025-08-01T17:07:35.320178+0000,39
10817101,1843,10,2025-08-01T17:08:08.345700+0000,33
10825101,1843,10,2025-08-01T18:17:51.908112+0000,68
10825101,1843,10,2025-08-01T18:18:24.876989+0000,32
10833101,1843,12,2025-08-01T18:25:19.915226+0000,31
10844130,1831,6,2025-07-30T22:03:55.816187+0000,38
10845131,1797,6,2025-07-31T23:08:09.887465+0000,32
10859103,1833,4,2025-08-03T16:25:28.079198+0000,41
10860128,1801,12,2025-07-28T03:10:07.525362+0000,52
10867103,1833,4,2025-08-03T18:03:33.934083+0000,31
10868128,1801,12,2025-07-28T03:45:45.716981+0000,99
10868128,1801,12,2025-07-28T03:48:25.746374+0000,80
10869131,1809,12,2025-07-31T04:22:53.793614+0000,31
10900130,1857,12,2025-07-30T07:42:27.273714+0000,31
10946102,1860,4,2025-08-02T11:52:39.425790+0000,32
10964128,1801,12,2025-07-28T13:33:54.065686+0000,32
10993101,1844,12,2025-08-01T12:43:41.020443+0000,34
11108128,1875,12,2025-07-28T09:52:33.424555+0000,31
11116130,1897,12,2025-07-30T10:46:24.537322+0000,32
11156128,1875,10,2025-07-28T15:19:03.805578+0000,31
11164128,1875,10,2025-07-28T15:27:31.855240+0000,31
11233101,1816,12,2025-08-01T16:33:50.981172+0000,43
11241101,1816,12,2025-08-01T17:01:21.281807+0000,41
11284130,1846,12,2025-07-30T07:42:24.001774+0000,42
11300128,1844,10,2025-07-28T09:09:15.129070+0000,31
11300129,1847,10,2025-07-29T09:13:22.732766+0000,31
11316130,1846,12,2025-07-30T10:56:59.586375+0000,31
11347127,777,7,2025-07-28T00:18:01.589653+0000,31
11348129,1847,12,2025-07-29T13:57:07.033119+0000,32
11394102,1858,10,2025-08-02T06:42:22.355956+0000,882
11396130,1846,10,2025-07-30T19:09:56.855057+0000,99
11409101,1875,10,2025-08-01T15:52:08.641457+0000,32
11412130,1846,12,2025-07-30T20:38:00.328920+0000,33
11417101,1875,12,2025-08-01T16:11:50.802533+0000,592
11419103,820,7,2025-08-03T05:07:45.726429+0000,31
11460130,1873,12,2025-07-30T07:48:29.364070+0000,42
11482102,1858,4,2025-08-02T17:04:12.233108+0000,36
11533131,1880,12,2025-07-31T15:06:30.775839+0000,32
11554102,1826,6,2025-08-02T05:31:32.427695+0000,52
11554102,1826,6,2025-08-02T05:32:14.431744+0000,42
11554102,1826,6,2025-08-02T05:33:34.450858+0000,80
11554102,1826,6,2025-08-02T05:35:01.453081+0000,87
11554102,1826,6,2025-08-02T05:35:36.454790+0000,35
11580129,1877,10,2025-07-29T19:50:27.686903+0000,41
11588128,1817,10,2025-07-28T03:23:16.578143+0000,75
11636128,1817,12,2025-07-28T08:28:10.786214+0000,818
11644130,1844,10,2025-07-30T09:37:58.030652+0000,39
11660128,1817,12,2025-07-28T12:37:53.679389+0000,2606
11705101,1906,12,2025-08-01T07:19:53.124758+0000,77
11706102,1831,13,2025-08-02T07:28:49.228960+0000,40
11810102,1831,9,2025-08-02T19:16:54.399601+0000,32
11834102,1831,13,2025-08-02T21:24:01.268460+0000,43
11865101,1814,10,2025-08-01T07:19:51.144445+0000,67
11893131,880,10,2025-07-31T17:02:16.630577+0000,146
11940129,306,4,2025-07-29T04:37:37.565893+0000,206
11940129,306,4,2025-07-29T05:02:29.780103+0000,65
11949131,809,4,2025-07-31T05:27:08.231033+0000,475
11954102,1824,13,2025-08-02T09:24:08.203552+0000,32
11956129,306,4,2025-07-29T06:17:16.366641+0000,50
11956129,306,4,2025-07-29T06:22:33.411937+0000,63
11956129,306,4,2025-07-29T06:38:43.550100+0000,54
12002102,1824,9,2025-08-02T14:46:11.889377+0000,33
12004128,273,4,2025-07-28T11:38:51.208430+0000,52
12027103,817,7,2025-08-03T11:09:21.352608+0000,128
12028128,273,4,2025-07-28T15:02:59.683366+0000,32
12035103,817,7,2025-08-03T11:16:44.399096+0000,446
12050102,1824,13,2025-08-02T19:52:42.656617+0000,44
12060129,306,4,2025-07-29T18:44:48.268868+0000,32
12060130,274,4,2025-07-30T18:36:09.624467+0000,32
12060130,274,4,2025-07-30T18:39:22.665677+0000,32
12163103,817,7,2025-08-03T19:45:38.833876+0000,31
12177101,264,10,2025-08-01T03:23:58.319422+0000,111
12209101,264,4,2025-08-01T07:53:53.480992+0000,56
12209101,264,4,2025-08-01T08:01:30.539636+0000,50
12217101,264,4,2025-08-01T08:04:45.583741+0000,32
12217101,264,4,2025-08-01T08:24:03.723939+0000,33
12217101,264,4,2025-08-01T08:31:25.785331+0000,32
12225101,264,4,2025-08-01T09:15:34.204602+0000,32
12226102,1845,13,2025-08-02T17:13:04.307490+0000,33
12249101,264,4,2025-08-01T12:33:00.925285+0000,107
12252129,850,12,2025-07-29T04:38:51.781968+0000,75
12265101,264,4,2025-08-01T14:24:06.868143+0000,394
12273101,264,4,2025-08-01T14:24:34.877677+0000,33
12281101,264,4,2025-08-01T16:02:28.724728+0000,31
12289101,264,4,2025-08-01T16:14:31.815860+0000,61
12289101,264,4,2025-08-01T16:34:35.019490+0000,42
12297101,264,4,2025-08-01T17:48:52.654873+0000,33
12300128,1896,10,2025-07-28T09:53:15.417648+0000,31
12332128,1896,10,2025-07-28T13:19:30.939942+0000,31
12353101,1833,12,2025-08-01T07:19:54.123962+0000,75
12361101,1833,10,2025-08-01T07:37:39.379216+0000,36
12369101,1833,10,2025-08-01T08:35:49.853649+0000,32
12421131,1843,10,2025-07-31T22:15:24.630354+0000,31
12441101,1833,12,2025-08-01T16:01:59.709182+0000,36
12449101,1833,12,2025-08-01T16:13:38.852799+0000,35
12460129,1928,12,2025-07-29T06:21:47.420135+0000,31
12555103,805,7,2025-08-03T03:32:30.195146+0000,33
12588129,1928,12,2025-07-29T18:58:39.361805+0000,33
12617101,1907,12,2025-08-01T17:01:12.272603+0000,34
12659103,805,7,2025-08-03T11:19:46.427412+0000,31
12665101,1907,10,2025-08-01T22:16:07.259583+0000,39
12705101,1813,12,2025-08-01T05:52:54.493521+0000,31
12716130,1894,9,2025-07-30T08:05:47.393784+0000,33
12721101,1813,10,2025-08-01T07:53:02.488338+0000,34
12794102,1904,13,2025-08-02T17:13:07.319065+0000,32
12874102,1832,13,2025-08-02T05:04:40.267710+0000,34
12898102,1832,6,2025-08-02T08:25:17.697247+0000,31
12962102,1832,4,2025-08-02T14:46:29.875385+0000,521
12980129,897,10,2025-07-29T14:08:38.160180+0000,31
12993101,1801,9,2025-08-01T11:36:10.449608+0000,36
12997131,1859,12,2025-07-31T16:16:09.337182+0000,31
13017101,1801,13,2025-08-01T14:10:38.751503+0000,51
13041101,1801,13,2025-08-01T17:01:31.274784+0000,32
13073101,1801,13,2025-08-01T20:10:12.656754+0000,34
13081101,1801,13,2025-08-01T20:31:45.786413+0000,50
13081101,1801,13,2025-08-01T20:32:32.828963+0000,31
13081101,1801,13,2025-08-01T20:34:08.793429+0000,52
13081101,1801,13,2025-08-01T20:34:50.839948+0000,42
13105101,1801,13,2025-08-01T23:27:28.585147+0000,31
13140128,1890,6,2025-07-28T13:53:14.212440+0000,33
13197131,1879,6,2025-07-31T19:44:53.823758+0000,31
13220130,1879,9,2025-07-30T04:23:25.755990+0000,34
13260130,1879,9,2025-07-30T08:12:04.419398+0000,75
13377101,1878,6,2025-08-01T08:31:29.802980+0000,33
13396128,1811,9,2025-07-28T05:15:54.446559+0000,31
13404129,857,9,2025-07-29T06:16:20.358887+0000,42
13449101,1878,6,2025-08-01T17:00:51.258680+0000,33
13452128,1811,13,2025-07-28T11:29:19.145733+0000,44
13530102,1906,7,2025-08-02T18:50:33.178865+0000,458
13530102,1906,7,2025-08-02T18:53:01.203740+0000,84
13537101,1895,9,2025-08-01T08:15:25.788529+0000,354
13556128,1811,4,2025-07-28T22:10:38.417772+0000,31
13589131,1824,9,2025-07-31T04:49:14.945294+0000,32
13629131,1824,9,2025-07-31T10:06:01.359121+0000,33
13705101,851,9,2025-08-01T08:40:37.859741+0000,44
13713101,851,9,2025-08-01T08:55:20.035920+0000,39
13713101,851,9,2025-08-01T08:56:08.987371+0000,43
13713101,851,9,2025-08-01T08:59:21.009113+0000,40
13713101,851,9,2025-08-01T08:59:53.023199+0000,32
13721101,851,13,2025-08-01T10:27:08.814063+0000,39
13777101,851,9,2025-08-01T16:56:21.233522+0000,34
13777101,851,9,2025-08-01T16:59:29.259449+0000,127
13785101,851,13,2025-08-01T17:11:37.378386+0000,59
13804130,1813,9,2025-07-30T06:19:17.614276+0000,36
13804130,1813,9,2025-07-30T06:20:56.617756+0000,59
13804130,1813,9,2025-07-30T06:23:38.643501+0000,35
13804130,1813,9,2025-07-30T06:24:25.661188+0000,43
13812130,1813,13,2025-07-30T08:11:59.416027+0000,62
13820128,1816,13,2025-07-28T08:20:37.734197+0000,372
13836130,1813,9,2025-07-30T09:54:48.163865+0000,34
13876128,1816,13,2025-07-28T14:36:43.500713+0000,34
13897101,1860,9,2025-08-01T05:38:55.372012+0000,51
13905101,870,13,2025-08-01T07:19:51.140973+0000,76
13929101,870,9,2025-08-01T09:31:07.366706+0000,32
14004128,1814,9,2025-07-28T13:50:19.183145+0000,32
14073101,870,13,2025-08-02T00:46:34.964143+0000,62
14073101,870,13,2025-08-02T00:52:20.988530+0000,57
14073101,870,13,2025-08-02T00:52:56.017463+0000,35
14073101,870,13,2025-08-02T00:53:40.986313+0000,35
14073101,870,13,2025-08-02T00:55:03.984254+0000,82
14073101,870,13,2025-08-02T00:56:39.995975+0000,44
14073101,870,13,2025-08-02T00:58:05.017974+0000,85
14073101,870,13,2025-08-02T00:58:58.022554+0000,32
14073101,870,13,2025-08-02T01:01:28.020296+0000,56
14073101,870,13,2025-08-02T01:02:39.030125+0000,51
14073101,870,13,2025-08-02T01:04:06.032451+0000,42
14073101,870,13,2025-08-02T01:04:44.053924+0000,38
14073101,870,13,2025-08-02T01:05:52.057229+0000,68
14073101,870,13,2025-08-02T01:06:53.062047+0000,46
14073101,870,13,2025-08-02T01:09:03.062911+0000,124
14073101,870,13,2025-08-02T01:10:22.066544+0000,79
14148128,1829,4,2025-07-28T04:55:31.276786+0000,41
14163127,786,11,2025-07-27T22:15:01.044879+0000,724
14261130,853,4,2025-07-30T20:01:12.157918+0000,33
14267128,1829,6,2025-07-28T20:51:14.956329+0000,93
14285130,819,7,2025-07-30T03:58:18.777308+0000,32
14291129,816,7,2025-07-29T06:16:14.368998+0000,41
14291130,819,7,2025-07-30T06:41:51.786479+0000,161
14315128,775,7,2025-07-28T12:08:21.461720+0000,80
14315128,775,7,2025-07-28T12:09:14.463596+0000,37
14326101,1841,9,2025-08-01T17:01:25.267375+0000,34
14328131,804,7,2025-07-31T14:14:15.374357+0000,31
14345130,819,7,2025-07-30T17:27:13.227343+0000,31
14370103,903,8,2025-08-03T14:01:59.746421+0000,35
14405130,790,7,2025-07-30T04:16:53.705168+0000,40
14406131,816,7,2025-07-31T13:48:29.184687+0000,31
14417101,1841,12,2025-08-02T02:15:36.383604+0000,33
14453128,793,7,2025-07-28T15:41:06.945025+0000,35
14531130,805,7,2025-07-30T12:50:47.400890+0000,64
14556101,1849,4,2025-08-01T18:35:30.986963+0000,38
14556101,1849,4,2025-08-01T18:38:16.014544+0000,53
14556101,1849,4,2025-08-01T18:38:47.027219+0000,31
14556101,1849,4,2025-08-01T18:39:39.041695+0000,52
14579130,805,7,2025-07-30T23:56:49.338406+0000,31
14591130,805,7,2025-07-31T01:39:29.801865+0000,31
14645128,792,7,2025-07-28T11:42:10.244522+0000,84
14645130,774,7,2025-07-30T10:27:29.420645+0000,34
14663103,897,8,2025-08-03T17:47:33.789703+0000,31
14676131,773,7,2025-07-31T05:26:59.227900+0000,480
14688131,773,7,2025-07-31T08:02:44.353086+0000,83
14688131,773,7,2025-07-31T08:03:25.353109+0000,37
14688131,773,7,2025-07-31T08:04:00.359679+0000,35
14696101,807,7,2025-08-01T10:56:38.096643+0000,43
14699129,793,7,2025-07-29T22:41:14.708902+0000,31
14700131,773,7,2025-07-31T10:46:32.668967+0000,563
14700131,773,7,2025-07-31T10:47:11.669457+0000,31
14712131,773,7,2025-07-31T13:26:34.929126+0000,489
14712131,773,7,2025-07-31T13:28:22.943671+0000,46
14729130,776,7,2025-07-30T07:42:23.989727+0000,32
14871101,805,7,2025-08-01T07:59:19.517805+0000,32
14880103,896,8,2025-08-03T21:26:50.445391+0000,37
15001101,805,7,2025-08-01T17:33:10.541669+0000,31
15011103,871,8,2025-08-03T14:45:28.159518+0000,59
15019103,871,8,2025-08-03T15:17:18.459531+0000,339
15027103,871,8,2025-08-03T15:17:25.474194+0000,44
15081101,793,7,2025-08-01T07:02:35.970093+0000,123
15117131,803,7,2025-07-31T09:45:27.152038+0000,32
15124128,808,7,2025-07-28T12:17:24.508975+0000,59
15125131,802,7,2025-07-31T09:55:31.258583+0000,84
15133131,802,7,2025-07-31T11:12:42.869205+0000,39
15133131,802,7,2025-07-31T11:13:57.885029+0000,34
15133131,802,7,2025-07-31T11:27:43.977233+0000,130
15148130,807,7,2025-07-30T16:56:52.002116+0000,42
15153101,793,7,2025-08-01T12:07:52.723257+0000,64
15195103,784,11,2025-08-03T14:45:31.164297+0000,54
15244128,817,7,2025-07-28T11:29:08.139001+0000,33
15244128,817,7,2025-07-28T11:40:55.236797+0000,51
15267103,816,11,2025-08-03T02:07:22.715936+0000,34
15267103,816,11,2025-08-03T02:16:25.763983+0000,470
15275103,816,11,2025-08-03T02:16:53.765419+0000,40
15283103,816,11,2025-08-03T05:03:26.789353+0000,1415
15291103,816,11,2025-08-03T05:19:25.806603+0000,36
15292130,800,7,2025-07-30T17:55:32.367179+0000,94
15292130,800,7,2025-07-30T17:56:25.381409+0000,53
15378102,832,7,2025-08-02T07:39:02.398087+0000,75
15437131,1907,7,2025-07-31T20:09:15.956570+0000,39
15437131,1907,7,2025-07-31T20:14:42.005977+0000,40
15437131,1907,7,2025-07-31T20:17:03.019985+0000,31
15437131,1907,7,2025-07-31T20:24:29.077919+0000,41
15468130,825,7,2025-07-30T07:42:23.990879+0000,46
15508128,807,7,2025-07-28T13:07:30.866904+0000,132
15540129,818,7,2025-07-29T03:43:23.131966+0000,562
15555103,773,11,2025-08-03T02:31:52.842013+0000,56
15555103,773,11,2025-08-03T02:35:56.861678+0000,52
15555103,773,11,2025-08-03T02:39:09.868823+0000,189
15561101,774,7,2025-08-01T18:05:24.766875+0000,37
15563103,773,11,2025-08-03T03:28:36.166037+0000,76
15571103,773,11,2025-08-03T05:09:48.734316+0000,113
15572128,773,7,2025-07-28T07:16:43.286701+0000,279
15579103,773,11,2025-08-03T05:48:53.963208+0000,56
15579103,773,11,2025-08-03T05:49:45.965278+0000,50
15579103,773,11,2025-08-03T05:51:01.008996+0000,42
15579103,773,11,2025-08-03T05:51:48.988825+0000,31
15604128,773,7,2025-07-28T11:52:57.354386+0000,143
15604128,773,7,2025-07-28T11:53:32.341386+0000,31
15604128,773,7,2025-07-28T11:55:20.367378+0000,102
15611103,773,11,2025-08-03T10:12:17.856109+0000,52
15620128,773,7,2025-07-28T14:17:16.369752+0000,465
15643103,773,11,2025-08-03T14:21:29.907297+0000,32
15691103,773,11,2025-08-03T20:23:10.088294+0000,38
15700128,834,7,2025-07-28T11:18:37.051887+0000,75
15700128,834,7,2025-07-28T11:29:17.136137+0000,62
15780128,834,7,2025-07-28T23:42:14.804745+0000,31
15789131,1877,7,2025-07-31T07:55:41.290448+0000,31
15817101,809,7,2025-08-01T18:02:30.782382+0000,31
15825101,802,7,2025-08-01T02:57:16.232769+0000,260
15828130,808,7,2025-07-30T09:38:04.023726+0000,45
15837131,1877,7,2025-07-31T16:15:08.338426+0000,32
15845131,1877,7,2025-07-31T16:15:31.318753+0000,39
15932128,809,7,2025-07-28T10:21:30.628341+0000,31
16025101,773,7,2025-08-01T16:46:52.126468+0000,410
16025101,773,7,2025-08-01T17:01:14.281542+0000,39
16091103,792,11,2025-08-03T14:44:55.138520+0000,31
16108130,896,8,2025-07-30T12:26:41.236225+0000,32
16204129,898,8,2025-07-29T22:58:48.809241+0000,133
16629101,825,7,2025-08-01T16:33:54.977995+0000,31
16660128,865,8,2025-07-28T14:06:27.522632+0000,35
16814102,896,8,2025-08-02T08:16:43.629905+0000,74
16848101,832,7,2025-08-01T16:07:07.758590+0000,323
16924129,882,8,2025-07-29T06:16:18.673967+0000,40
16972128,871,8,2025-07-28T11:29:11.122140+0000,34
17020130,900,8,2025-07-30T16:23:02.797085+0000,201
17028130,900,8,2025-07-30T17:14:08.141977+0000,350
17159101,771,7,2025-08-01T17:01:00.258888+0000,33
17199129,871,8,2025-07-29T19:05:36.399824+0000,31
17241129,773,11,2025-07-29T07:08:54.724749+0000,47
17265129,773,11,2025-07-29T11:08:49.671603+0000,34
17271129,773,11,2025-07-29T12:53:17.555868+0000,37
17295129,773,11,2025-07-29T16:00:32.051084+0000,31
17307129,773,11,2025-07-29T18:51:45.325426+0000,40
17349102,871,8,2025-08-02T21:59:56.492874+0000,57
17349102,871,8,2025-08-02T22:05:08.523993+0000,54
17349102,871,8,2025-08-02T22:06:36.530208+0000,40
17349102,871,8,2025-08-02T22:07:56.540900+0000,80
17443130,771,11,2025-07-30T17:21:10.226341+0000,32
17513129,819,11,2025-07-29T06:16:18.672093+0000,31
17514131,821,11,2025-07-31T04:59:02.993449+0000,31
17609130,809,11,2025-07-30T08:28:28.516134+0000,3743
17615130,809,11,2025-07-30T08:03:58.380493+0000,934
17694131,822,11,2025-07-31T18:42:38.377952+0000,1126
17768128,835,11,2025-07-28T11:18:26.518992+0000,47
17788101,850,7,2025-08-01T02:04:38.962405+0000,32
17849131,770,11,2025-07-31T18:42:31.374061+0000,197
17904129,820,11,2025-07-29T06:15:51.363010+0000,43
17970102,904,8,2025-08-02T09:15:24.102921+0000,31
18032130,769,11,2025-07-30T08:28:27.522306+0000,5615
18033131,832,11,2025-07-31T03:55:48.578681+0000,31
18040130,769,11,2025-07-30T08:01:33.382312+0000,311
18120128,820,11,2025-07-28T17:35:33.719923+0000,35
18144130,820,11,2025-07-30T03:54:20.573056+0000,114
18144130,820,11,2025-07-30T04:08:03.630487+0000,268
18152130,820,11,2025-07-30T04:05:19.649083+0000,102
18162102,904,8,2025-08-02T17:12:42.303623+0000,32
18224128,816,11,2025-07-28T14:42:35.539125+0000,2156
18336130,821,11,2025-07-30T08:11:57.431651+0000,73
18432130,775,11,2025-07-30T19:28:36.937895+0000,829
18458102,816,11,2025-08-02T11:36:33.293384+0000,33
18522102,816,11,2025-08-02T19:40:58.572043+0000,45
18529131,786,11,2025-07-31T10:30:09.553002+0000,32
18554102,816,11,2025-08-03T00:10:36.135530+0000,45
18600129,786,11,2025-07-29T21:48:39.442482+0000,31
18601101,856,8,2025-08-01T09:27:26.330540+0000,86
18664130,785,11,2025-07-30T07:41:49.268446+0000,37
18664130,785,11,2025-07-30T07:48:26.312752+0000,32
18664130,785,11,2025-07-30T08:05:59.384263+0000,58
18704129,833,11,2025-07-29T13:19:27.746130+0000,51
18706102,773,11,2025-08-02T09:51:29.404329+0000,36
18706102,773,11,2025-08-02T09:52:08.422341+0000,38
18706102,773,11,2025-08-02T09:52:49.418471+0000,40
18706102,773,11,2025-08-02T09:55:11.499554+0000,96
18714102,773,11,2025-08-02T10:11:20.555981+0000,57
18714102,773,11,2025-08-02T10:14:54.589098+0000,101
18714102,773,11,2025-08-02T10:17:43.604026+0000,35
18714102,773,11,2025-08-02T10:24:34.630538+0000,146
18722102,773,11,2025-08-02T11:51:02.414275+0000,62
18722102,773,11,2025-08-02T11:55:04.431670+0000,224
18730102,773,11,2025-08-02T12:12:09.588073+0000,53
18730102,773,11,2025-08-02T12:14:02.592301+0000,45
18730102,773,11,2025-08-02T12:17:48.613148+0000,45
18730102,773,11,2025-08-02T12:25:00.674128+0000,127
18738102,773,11,2025-08-02T13:43:39.428744+0000,34
18738102,773,11,2025-08-02T13:49:00.414940+0000,56
18738102,773,11,2025-08-02T13:51:39.451488+0000,140
18738102,773,11,2025-08-02T13:52:15.453852+0000,33
18746102,773,11,2025-08-02T14:11:06.603472+0000,58
18746102,773,11,2025-08-02T14:13:57.638331+0000,91
18746102,773,11,2025-08-02T14:23:09.698119+0000,33
18746102,773,11,2025-08-02T14:24:04.707189+0000,55
18746102,773,11,2025-08-02T14:24:50.714723+0000,46
18754102,773,11,2025-08-02T15:49:33.524898+0000,54
18754102,773,11,2025-08-02T15:55:11.562656+0000,125
18762102,773,11,2025-08-02T16:11:54.699664+0000,35
18762102,773,11,2025-08-02T16:14:03.714963+0000,95
18762102,773,11,2025-08-02T16:23:50.819430+0000,93
18770102,773,11,2025-08-02T16:58:40.160656+0000,44
18770102,773,11,2025-08-02T17:13:13.306919+0000,36
18770102,773,11,2025-08-02T17:56:33.678457+0000,73
18770102,773,11,2025-08-02T17:59:55.711382+0000,136
18770102,773,11,2025-08-02T18:01:40.730516+0000,46
18778102,773,11,2025-08-02T18:10:52.793193+0000,33
18778102,773,11,2025-08-02T18:13:57.822378+0000,59
18778102,773,11,2025-08-02T18:17:43.845218+0000,43
18778102,773,11,2025-08-02T18:19:56.859998+0000,33
18778102,773,11,2025-08-02T18:23:59.884836+0000,77
18778102,773,11,2025-08-02T18:25:06.904911+0000,67
18778102,773,11,2025-08-02T18:25:52.903230+0000,45
18786102,773,11,2025-08-02T19:43:03.579212+0000,31
18786102,773,11,2025-08-02T19:44:44.594546+0000,34
18786102,773,11,2025-08-02T19:50:12.636357+0000,52
18786102,773,11,2025-08-02T19:51:14.639053+0000,62
18786102,773,11,2025-08-02T19:53:09.646088+0000,115
18794102,773,11,2025-08-02T20:19:16.877305+0000,117
18794102,773,11,2025-08-02T20:21:08.843598+0000,100
18794102,773,11,2025-08-02T20:24:22.878620+0000,53
18794102,773,11,2025-08-02T20:26:15.881135+0000,47
18794102,773,11,2025-08-02T20:30:09.892043+0000,47
18802102,773,11,2025-08-02T22:08:40.549331+0000,64
18802102,773,11,2025-08-02T22:09:37.560638+0000,57
18802102,773,11,2025-08-02T22:12:00.566731+0000,135
18810102,773,11,2025-08-02T22:48:08.755238+0000,74
18810102,773,11,2025-08-02T22:48:43.757920+0000,35
18810102,773,11,2025-08-02T22:50:45.777358+0000,89
18810102,773,11,2025-08-02T22:53:16.776798+0000,32
18810102,773,11,2025-08-02T22:53:54.787652+0000,38
18810102,773,11,2025-08-02T22:55:13.802899+0000,47
18810102,773,11,2025-08-02T22:58:57.816820+0000,32
18810102,773,11,2025-08-02T23:00:36.807790+0000,98
18810102,773,11,2025-08-02T23:01:57.815977+0000,43
18818102,773,11,2025-08-03T00:37:41.264926+0000,128
18818102,773,11,2025-08-03T00:38:31.272608+0000,50
18826102,773,11,2025-08-03T00:48:05.311697+0000,62
18826102,773,11,2025-08-03T00:50:19.319093+0000,94
18826102,773,11,2025-08-03T00:57:18.355985+0000,38
18834102,773,11,2025-08-03T01:55:04.662994+0000,1348
18882102,774,11,2025-08-02T08:11:39.597335+0000,38
18897101,904,8,2025-08-01T12:09:31.746413+0000,41
18962102,784,11,2025-08-02T08:00:44.563495+0000,78
18969101,904,8,2025-08-01T17:00:23.266797+0000,33
19042102,784,11,2025-08-02T20:11:59.788146+0000,32
19060102,820,11,2025-08-02T08:27:20.706701+0000,31
19065101,901,8,2025-08-01T03:38:38.415617+0000,31
19125101,901,8,2025-08-01T08:23:14.732354+0000,31
19126102,776,11,2025-08-02T04:09:45.925390+0000,47
19204102,776,11,2025-08-02T17:20:33.381911+0000,32
19233101,901,8,2025-08-01T17:00:48.282014+0000,47
19270102,806,11,2025-08-02T09:16:54.333667+0000,39
19330102,806,11,2025-08-02T17:24:41.420620+0000,33
19373101,900,8,2025-08-01T07:52:59.468821+0000,34
19378101,900,8,2025-08-01T08:00:40.540870+0000,41
19403101,900,8,2025-08-01T10:37:49.897869+0000,36
19468101,900,8,2025-08-01T17:01:15.261459+0000,54
19493101,903,8,2025-08-01T04:30:56.729325+0000,51
19532102,833,11,2025-08-02T16:28:34.863444+0000,31
19542102,802,11,2025-08-02T09:13:13.124355+0000,63
19552102,802,11,2025-08-02T11:12:33.029955+0000,38
19557102,802,11,2025-08-02T11:45:07.370729+0000,34
19584102,802,11,2025-08-02T17:14:32.328083+0000,39
19612102,802,11,2025-08-02T21:13:46.231889+0000,34
19632101,903,8,2025-08-01T17:01:16.272055+0000,43
19765101,882,8,2025-08-01T07:52:59.468464+0000,33
19861101,882,8,2025-08-01T16:02:10.756930+0000,52
20024101,804,11,2025-08-01T21:02:52.910397+0000,32
20094101,817,11,2025-08-01T09:03:31.075216+0000,59
20108101,817,11,2025-08-01T11:05:06.174912+0000,38
20143101,817,11,2025-08-01T16:02:05.717682+0000,48
20290101,786,11,2025-08-01T13:46:55.567429+0000,49
20359101,835,11,2025-08-01T07:19:50.123308+0000,66
20367101,835,11,2025-08-01T08:23:36.734956+0000,33
20439101,835,11,2025-08-01T17:00:47.266318+0000,35
20543101,833,11,2025-08-01T08:55:21.046018+0000,1193
20543101,833,11,2025-08-01T09:15:27.211536+0000,32
20599101,833,11,2025-08-01T16:33:52.965856+0000,45
20831101,800,11,2025-08-01T07:54:09.500003+0000,51
20895101,800,11,2025-08-01T15:47:56.634436+0000,36
21199101,777,11,2025-08-01T14:16:22.811884+0000,39
21231101,777,11,2025-08-01T18:13:15.910312+0000,42
21303101,775,11,2025-08-01T08:23:18.727645+0000,34
21303101,775,11,2025-08-01T08:28:30.766275+0000,103
21511101,784,11,2025-08-01T12:36:43.948164+0000,42
21639101,770,11,2025-08-01T08:47:18.972257+0000,35
21671101,770,11,2025-08-01T12:48:13.049532+0000,31
53787103,275,2,2025-08-03T07:43:52.708003+0000,34
53795103,256,2,2025-08-03T08:22:01.003999+0000,169
53827103,288,2,2025-08-03T07:25:56.604435+0000,50
55043103,1841,13,2025-08-03T08:02:25.867768+0000,681
59345102,256,2,2025-08-02T06:48:40.871392+0000,46
59345102,256,2,2025-08-02T06:51:12.841335+0000,34
59531131,873,1,2025-07-31T03:38:32.425977+0000,72
59555102,1873,4,2025-08-02T06:19:05.651596+0000,83
59562130,265,2,2025-07-30T01:40:55.621104+0000,97
59567131,275,2,2025-07-31T01:17:59.755460+0000,47
59570128,275,2,2025-07-28T03:20:22.594502+0000,69
59570130,288,2,2025-07-30T03:31:47.352161+0000,32
59571131,304,2,2025-07-31T01:28:37.777762+0000,56
59586128,265,2,2025-07-28T03:36:07.638559+0000,48
59586129,305,2,2025-07-29T03:41:32.103791+0000,72
59643131,276,3,2025-07-31T01:17:47.746422+0000,40
59655131,792,3,2025-07-31T02:00:51.898706+0000,50
59726129,309,4,2025-07-29T03:27:06.976007+0000,31
59742128,153,4,2025-07-28T02:12:24.166519+0000,61
59821102,1906,6,2025-08-02T02:23:37.418485+0000,32
59842102,849,6,2025-08-02T07:42:51.357932+0000,58
59898129,1824,6,2025-07-29T03:41:30.115914+0000,31
59962130,800,7,2025-07-30T02:16:05.814429+0000,171
59974129,818,7,2025-07-29T03:34:03.042950+0000,37
60150128,1817,10,2025-07-28T03:22:32.583102+0000,38
60154130,276,10,2025-07-30T03:17:50.264448+0000,56
60178130,1841,10,2025-07-30T03:37:42.399303+0000,31
60362128,1816,13,2025-07-28T04:28:34.070020+0000,33
60366130,885,13,2025-07-30T01:33:39.588683+0000,86
64558101,1800,4,2025-08-01T03:09:15.276529+0000,321
64662101,866,7,2025-08-01T01:58:40.943475+0000,72
64662101,866,7,2025-08-01T01:59:54.931434+0000,73
64662101,866,7,2025-08-01T02:01:07.981946+0000,73
64662101,866,7,2025-08-01T02:02:19.950855+0000,71
64662101,866,7,2025-08-01T02:03:42.951076+0000,83
64662101,866,7,2025-08-01T02:04:41.968535+0000,59
64662101,866,7,2025-08-01T02:08:34.995284+0000,233
64662101,866,7,2025-08-01T02:10:04.002750+0000,89
64668101,802,7,2025-08-01T02:52:57.228440+0000,38
64706101,903,8,2025-08-01T04:30:35.773953+0000,44
64858101,851,13,2025-08-01T03:11:16.280576+0000,31
67532131,308,2,2025-08-01T02:09:36.996735+0000,36
69076131,274,3,2025-08-01T01:31:34.800764+0000,32
74308131,1846,13,2025-08-01T01:56:03.933018+0000,93
79260131,1824,13,2025-08-01T00:56:03.646189+0000,80
81484131,819,7,2025-08-01T00:53:37.624934+0000,939
